카테고리,메뉴명,영문명,설명,태그,베이스,토핑,추천/기본 드레싱,곡물 구성,채소 구성,제공량(g),열량(kcal),탄수화물(g),당류(g),단백질(g),지방(g),포화지방(g),나트륨(mg),알레르기 목록,알레르기_달걀,알레르기_우유,알레르기_메밀,알레르기_땅콩,알레르기_대두,알레르기_밀,알레르기_잣,알레르기_호두,알레르기_게,알레르기_새우,알레르기_오징어,알레르기_고등어,"알레르기_조개류 (굴, 전복, 홍합포함)",알레르기_복숭아,알레르기_토마토,알레르기_닭고기,알레르기_돼지 고기,알레르기_소고기,알레르기_아황산류 (10mg/kg 이상함유),상세페이지 출처,영양정보 병합출처,알레르기 병합출처,비고
샐러디,탄단지 샐러디,Tandanji Salady,"부드러운 시즈닝 닭가슴살, 고구마 무스, 견과류, 크랜베리가 들어간 탄·단·지가 골고루 들어있는 샐러디 스테디 메뉴",,채소,"시즈닝 닭가슴살, 크랜베리, 스윗포테이토, 견과류",오리엔탈,,"로메인, 프릴아이스, 적채",225,322.9,34.3,17.6,17.9,13.1,2.0,225.3,"달걀, 대두, 밀, 호두, 고등어, 닭고기",●,,,,●,●,,●,,,,●,,,,●,,,,https://salady.com/menu/list_1,SALADY / 탄단지샐러디 / nutrition_260715,SALADY / 탄단지샐러디 / allergy_260715,
샐러디,치킨 콥 샐러디,Chicken Cobb Salady,"부드러운 시즈닝 닭가슴살, 옥수수, 올리브, 토마토, 슈레드치즈 등 다채로운 토핑에 산뜻한 저당 랜치 드레싱을 더한 샐러디만의 콥 샐러드",LOW SUGAR,채소,"시즈닝 닭가슴살, 에그, 옥수수, 올리브, 토마토, 슈레드치즈",(저당) 랜치,,"로메인, 프릴아이스, 적채",,209.1,7.6,2.1,23.9,8.7,3.5,404.7,,,,,,,,,,,,,,,,,,,,,https://salady.com/menu/list_1,,,2026.07 알레르기 자료에 동일 메뉴 없음 | 2026.07 영양정보 자료에 동일 메뉴 없음
샐러디,로스트닭다리살 샐러디,Roast Chicken Thigh Salady,"촉촉하고 쫄깃한 닭다리살과 단호박 무스, 할라피뇨, 옥수수 등 다양한 토핑이 어우러진 샐러디 베스트 메뉴",BEST,채소,"로스트 닭다리살, 단호박, 토마토, 양파, 옥수수, 할라피뇨,양파플레이크",크리미할라피뇨,,"로메인, 프릴아이스, 적채",290,259.2,29.7,12.2,13.2,9.6,3.9,471.9,"우유, 대두, 밀, 토마토, 닭고기, 소고기",,●,,,●,●,,,,,,,,,●,●,,●,,https://salady.com/menu/list_1,SALADY / 로스트닭다리살샐러디 / nutrition_260715,SALADY / 로스트닭다리살샐러디 / allergy_260715,
샐러디,그라브락스 연어 샐러디,Gravlax Salmon Salady,"북유럽 전통 방식으로 숙성시켜 풍미와 쫄깃함이 가득한 그라브락스 연어와 계란, 양파 등 토핑이 어우러져 신선한 풍미가 살아있는 샐러디 인기 메뉴",BEST|LOW SUGAR,채소,"그라브락스 연어, 에그, 양파, 당근라페, 엑스트라버진 올리브오일",(저당) 레몬허브,,"로메인, 프릴아이스, 적채",235,290.3,6.4,3.7,20.8,19.8,3.5,441.0,"달걀, 대두",●,,,,●,,,,,,,,,,,,,,,https://salady.com/menu/list_1,SALADY / 그라브락스연어샐러디 / nutrition_260715,SALADY / 그라브락스연어샐러디 / allergy_260715,"최신 상세페이지와 2026.07 영양값 상이: 열량(kcal) 290.3↔247.3, 탄수화물(g) 6.4↔7.8, 당류(g) 3.7↔5.1, 단백질(g) 20.8↔21, 지방(g) 19.8↔14.4, 포화지방(g) 3.5↔2.7, 나트륨(mg) 441↔505"
샐러디,단호박 노릇두부 샐러디,Sweet Pumpkin Golden Tofu Salady,노릇하게 익혀 고소한 두부와 달콤한 단호박이 조화롭게 어우러진 비건 탄·단·지 메뉴,VEGAN|LOW SUGAR,채소,"두부, 단호박, 옥수수, 올리브, 당근라페, 적채",(저당) 발사믹,,"로메인, 프릴아이스, 적채",295,214.6,28.1,12.4,6.8,8.4,1.1,214.9,대두,,,,,●,,,,,,,,,,,,,,,https://salady.com/menu/list_1,SALADY / 노릇두부단호박샐러디 / nutrition_260715,SALADY / 노릇두부단호박샐러디 / allergy_260715,
샐러디,타코 쉬림프 샐러디,Taco Shrimp Salady,"신선한 채소에 맛있게 매콤한 탱글탱글 케이준 쉬림프, 고소한 그라운드 비프, 바삭한 나쵸칩, 상큼한 사워크림을 더해 타코 스타일로 즐기는 샐러디",,채소,"케이준 쉬림프, 할라피뇨, 옥수수, 양파, 그라운드비프, 나쵸칩, 사워크림",크리미칠리,,"로메인, 프릴아이스, 적채",230,192.1,11.6,2.9,15.7,9.2,3.0,572.6,"우유, 대두, 새우, 돼지 고기, 소고기",,●,,,●,,,,,●,,,,,,,●,●,,https://salady.com/menu/list_1,SALADY / 타코쉬림프샐러디 / nutrition_260715,SALADY / 타코쉬림프샐러디 / allergy_260715,
그레인볼,그라브락스 연어 포케볼,Gravlax Salmon Poke,"북유럽 전통 방식으로 숙성시켜 깊은 풍미와 쫄깃함이 가득한 그라브락스 연어와 통곡물, 에다마메, 후리가케 등 포케 토핑이 어우러져 더욱 풍성하게 완성한 샐러디 대표 포케 메뉴",BEST|LOW SUGAR,"곡물, 채소","그라브락스 연어, 양파플레이크, 양파, 적채, 후리가케, 옥수수, 엑스트라버진 올리브오일",(저당) 참깨소이,"귀리, 찹쌀, 찰보리","로메인, 프릴아이스, 적채",302,461.3,62.5,4.4,22.0,14.0,3.1,577.1,"대두, 밀",,,,,●,●,,,,,,,,,,,,,,https://salady.com/menu/list_1,SALADY / 그라브락스연어포케볼 / nutrition_260715,SALADY / 그라브락스연어포케볼 / allergy_260715,
그레인볼,칠리베이컨 포케볼,Chilli Bacon Poke,"베이컨, 계란, 옥수수의 고소함과 크리미칠리 소스의 매콤달콤맛의 조화가 통곡물, 적채, 후리가케 등 포케 토핑과 만나 더욱 풍성해진 샐러디 No.1 메뉴",BEST,"곡물, 채소","찹베이컨, 에그, 옥수수, 양파플레이크, 양파, 적채, 후리가케",크리미칠리,"귀리, 찹쌀, 찰보리","로메인, 프릴아이스, 적채",297,485.2,61.7,4.5,18.7,18.0,5.9,268.1,"달걀, 대두, 밀, 돼지 고기",●,,,,●,●,,,,,,,,,,,●,,,https://salady.com/menu/list_1,SALADY / 칠리베이컨포케볼 / nutrition_260715,SALADY / 칠리베이컨포케볼 / allergy_260715,
그레인볼,우삼겹 포케볼,Beef Loin Poke,"감칠맛 가득한 간장 소스로 양념한 우삼겹에 쫄깃한 머쉬룸과 통곡물, 적채, 후리가케 등 포케 토핑을 더해 더욱 풍성해진 메뉴(추천 드레싱: 오리엔탈)",,"곡물, 채소","우삼겹, 머쉬룸, 양파, 적채, 후리가케, 양파플레이크, 옥수수",오리엔탈,"귀리, 찹쌀, 찰보리","로메인, 프릴아이스, 적채",307,618.1,68.0,6.2,21.2,29.8,8.6,226.0,"대두, 밀, 호두, 조개류 (굴, 전복, 홍합포함), 소고기",,,,,●,●,,●,,,,,●,,,,,●,,https://salady.com/menu/list_1,SALADY / 우삼겹포케볼 / nutrition_260715,SALADY / 우삼겹포케볼 / allergy_260715,
그레인볼,청양간장 두부 비빔밥,Chungyang Soy Tofu Bibimbap.,"노릇하게 익혀 고소한 두부와 알싸한 청양간장 드레싱에 머쉬룸, 당근라페, 적채 등의 토핑을 더한 캐쥬얼 한식풍 비빔밥",VEGAN,"곡물, 채소","두부, 머쉬룸, 양파, 적채, 당근라페, 견과류, 참기름, 청양간장 드레싱",청양간장 소스포함(*별도 드레싱 미제공),"귀리, 찹쌀, 찰보리","로메인, 프릴아이스, 적채",,604.0,71.7,6.0,17.8,28.1,3.7,923.2,,,,,,,,,,,,,,,,,,,,,https://salady.com/menu/list_1,,,2026.07 알레르기 자료에 동일 메뉴 없음 | 2026.07 영양정보 자료에 동일 메뉴 없음
그레인볼,바베큐닭다리살 포케볼,Barbeque Chicken Thigh Poke,"촉촉하고 쫄깃한 닭다리살에 고소한 계란과 매콤달콤한 바베큐소스를 곁들인 중독성 강한 조합! 통곡물, 적채, 후리가케 등 포케 토핑으로 풍성한 맛을 더한 치밥 스타일의 메뉴",,"곡물, 채소","로스트닭다리살, 에그, 옥수수, 양파, 양파플레이크, 후리가케, 적채, 바베큐소스",크리미칠리,"귀리, 찹쌀, 찰보리","로메인, 프릴아이스, 적채",347,557.3,72.5,8.2,26.6,17.7,5.9,586.2,"달걀, 우유, 대두, 밀, 닭고기, 소고기",●,●,,,●,●,,,,,,,,,,●,,●,,https://salady.com/menu/list_1,SALADY / 바베큐닭다리살포케볼 / nutrition_260715,SALADY / 바베큐닭다리살포케볼 / allergy_260715,
그레인볼,고추장제육 포케볼,Gochujang Bulgogi Poke,"제육은 못 참지! 매콤한 고추장제육에 머쉬룸, 양파플레이크, 적채, 후리가케 등의 토핑이 어우러져 든든한 제육 비빔밥st의 포케",NEW,"곡물, 채소","고추장제육, 머쉬룸, 적채, 양파, 옥수수, 양파플레이크, 후리가케",고추장비빔,"귀리, 찹쌀, 찰보리","로메인, 프릴아이스, 적채",,468.8,70.4,9.3,20.2,12.6,3.6,474.1,,,,,,,,,,,,,,,,,,,,,https://salady.com/menu/list_1,,,2026.07 알레르기 자료에 동일 메뉴 없음 | 2026.07 영양정보 자료에 동일 메뉴 없음
누들볼,그라브락스 연어 파스타 누들볼,Gravlax Salmon Pasta,북유럽 전통 방식으로 숙성시켜 풍미와 쫄깃함이 가득한 그라브락스 연어에 향긋한 바질파스타를 곁들인 지중해풍 파스타 샐러드,LOW SUGAR,"파스타면, 채소","그라브락스 연어, 옥수수, 올리브, 양파, 바질페스토",(저당) 발사믹,,"로메인, 프릴아이스, 적채",279,346.2,33.3,3.6,20.0,14.4,2.1,609.9,"우유, 대두, 밀",,●,,,●,●,,,,,,,,,,,,,,https://salady.com/menu/list_1,SALADY / 그라브락스연어파스타누들볼 / nutrition_260715,SALADY / 그라브락스연어파스타누들볼 / allergy_260715,
누들볼,우삼겹메밀면 누들볼,Beef Loin Buckwheat Noodles,감칠맛 있는 간장소스로 양념한 우삼겹과 고소한 메밀면 조합으로 한 층 더 풍부한 맛을 즐길 수 있는 샐러디 인기 메뉴,BEST,"메밀면, 채소","우삼겹, 적채, 양파, 견과류",오리엔탈,,"로메인, 프릴아이스, 적채",259,406.6,36.1,5.0,18.0,21.2,6.1,350.3,"달걀, 메밀, 대두, 밀, 호두, 조개류 (굴, 전복, 홍합포함), 소고기",●,,●,,●,●,,●,,,,,●,,,,,●,,https://salady.com/menu/list_1,SALADY / 우삼겹메밀면누들볼 / nutrition_260715,SALADY / 우삼겹메밀면누들볼 / allergy_260715,
누들볼,고추장제육 들기름파스타 누들볼,Gochujang Bulgogi Perilla Oil Pasta,제육은 못 참지! 매콤한 고추장제육에 풍미와 감칠맛을 더할 저당 들기름소이 드레싱이 어우러져 중독성 강한 K-제육 샐러드 파스타,NEW,"파스타면, 채소","고추장제육, 바베큐소스, 머쉬룸, 적채, 양파, 후리가케, (저당) 들기름소이",오리엔탈,,"로메인, 프릴아이스, 적채",,350.7,48.2,7.5,17.5,10.5,1.8,627.8,,,,,,,,,,,,,,,,,,,,,https://salady.com/menu/list_1,,,2026.07 알레르기 자료에 동일 메뉴 없음 | 2026.07 영양정보 자료에 동일 메뉴 없음
누들볼,고추장제육 간장메밀 누들볼,Gochujang Bulgogi Soy Buckwheat Noodles,"제육은 못 참지! 매콤한 고추장제육과 알싸한 청양간장 소스의 감칠맛에 당근라페, 머쉬룸, 적채가 어우러진 샐러디의 캐쥬얼 한식풍 누들 샐러드 (*드레싱 미제공, 포함 드레싱: 청양간장)",NEW,"파스타면, 채소","고추장제육, 바베큐소스, 머쉬룸, 적채, 양파, 당근라페, 참기름, 청양간장 드레싱",청양간장 소스포함(*별도 드레싱 미제공),,"로메인, 프릴아이스, 적채",,412.1,49.2,12.4,20.2,15.7,2.8,1612.0,,,,,,,,,,,,,,,,,,,,,https://salady.com/menu/list_1,,,"공식 상세 텍스트 기준 베이스가 '파스타면, 채소'로 표기됨. 메뉴명(간장메밀)과 불일치하나 원문 그대로 보존. | 2026.07 알레르기 자료에 동일 메뉴 없음 | 2026.07 영양정보 자료에 동일 메뉴 없음"
누들볼,소고기 비빔메밀 누들볼,Beef Bibim Buckwheat Noodles,그라운드비프와 매콤달콤한 고추장비빔 드레싱에 참기름이 어우러진 비빔국수st의 비빔메밀 누들 샐러드,,"메밀면, 채소","그라운드비프, 에그, 적채, 양파, 후리가케, 당근라페, 참기름",고추장비빔,,"로메인, 프릴아이스, 적채",,398.8,32.0,4.0,23.8,19.0,5.6,354.7,,,,,,,,,,,,,,,,,,,,,https://salady.com/menu/list_1,,,2026.07 알레르기 자료에 동일 메뉴 없음 | 2026.07 영양정보 자료에 동일 메뉴 없음
프로틴 박스,닭다리살 MAX 프로틴 박스,Chicken Thigh MAX Protein Box,3배 더 풍성하게 올린 촉촉하고 쫄깃한 닭다리살에 1.5배 든든한 곡물밥과 산뜻한 저당 랜치 드레싱을 페어링하여 제대로 설계한 샐러디의 MAX 프로틴 도시락,LOW SUGAR,"곡물(1.5배), 채소","로스트닭다리살x3, 당근라페, 양파, 옥수수",(저당) 랜치,"귀리, 찹쌀, 찰보리","로메인, 프릴아이스, 적채",449,758.7,96.6,7.7,43.2,22.3,7.4,885.9,"우유, 대두, 밀, 닭고기, 소고기",,●,,,●,●,,,,,,,,,,●,,●,,https://salady.com/menu/list_1,SALADY / 닭다리살MAX 프로틴박스 / nutrition_260715,SALADY / 닭다리살MAX 프로틴박스 / allergy_260715,
프로틴 박스,치킨 MAX 프로틴 파스타,Chicken Breast MAX Protein Pasta,3배 가득 풍성하게 올린 부드러운 시즈닝 닭가슴살에 2배 든든한 바질파스타와 상큼한 저당 레몬 드레싱을 페어링하여 제대로 설계한 샐러디의 MAX 프로틴 도시락,LOW SUGAR,"바질 파스타면(2배), 채소","시즈닝 닭가슴살x3, 칩베이컨, 당근라페, 양파, 옥수수",(저당) 레몬허브,,"로메인, 프릴아이스, 적채",464,707.9,66.2,6.1,55.1,23.7,6.0,697.0,"우유, 대두, 밀, 닭고기, 돼지 고기",,●,,,●,●,,,,,,,,,,●,●,,,https://salady.com/menu/list_1,SALADY / 치킨MAX 프로틴파스타 / nutrition_260715,SALADY / 치킨MAX 프로틴파스타 / allergy_260715,
프로틴 박스,우삼겹 MAX 프로틴 박스,Beef Loin MAX Protein Box,3배 가득 풍성하게 올린 단짠 우삼겹에 1.5배 든든한 곡물밥과 고소한 저당 참깨소이 드레싱을 페어링하여 제대로 설계한 샐러디의 MAX 프로틴 도시락,LOW SUGAR,"곡물(1.5배), 채소","우삼겹x3, 당근라페, 양파, 옥수수",(저당) 참깨소이,"귀리, 찹쌀, 찰보리","로메인, 프릴아이스, 적채",419,900.7,87.6,11.5,39.4,43.7,16.3,565.4,"대두, 밀, 조개류 (굴, 전복, 홍합포함), 소고기",,,,,●,●,,,,,,,●,,,,,●,,https://salady.com/menu/list_1,SALADY / 우삼겹MAX 프로틴박스 / nutrition_260715,SALADY / 우삼겹MAX 프로틴박스 / allergy_260715,
샌드위치,[프로틴]바질크림 치킨 샌드위치,[Protein]Basil Cream Chicken,쫄깃한 통밀 치아바타 속 풍미 가득한 바질크림과 촉촉한 시즈닝 닭가슴살이 어우러져 든든한 치킨 프로틴 치아바타 샌드위치,,채소,"시즈닝 닭가슴살, 토마토, 당근라페, 화이트치즈",바질페스토,,"로메인, 적채",,442.8,53.6,7.1,23.9,14.2,3.1,774.2,,,,,,,,,,,,,,,,,,,,,https://salady.com/menu/view_1?idx=155&ca_id=05,,,2026.07 알레르기 자료에 동일 메뉴 없음 | 2026.07 영양정보 자료에 동일 메뉴 없음
샌드위치,[프로틴]치킨 반미 샌드위치,[Protein]Chicken Banh mi,"쫄깃한 통밀 치아바타 속 촉촉한 시즈닝 닭가슴살과 상큼하고 아삭한 당근라페, 적채, 양파가 어우러진 반미 스타일의 치킨 프로틴 치아바타 샌드위치",,채소,"시즈닝 닭가슴살, 양파, 적채, 당근라페, 화이트치즈, 채소믹스, 통밀 치아바타",크리미칠리,,"로메인, 프릴아이스, 적채",,484.0,60.5,11.7,22.8,16.9,3.4,853.8,,,,,,,,,,,,,,,,,,,,,https://salady.com/menu/list_1,,,2026.07 알레르기 자료에 동일 메뉴 없음 | 2026.07 영양정보 자료에 동일 메뉴 없음
샌드위치,스파이시 쉬림프 샌드위치,Spicy Shrimp Sandwich,쫄깃한 치아바타 속 탱글탱글한 케이준 쉬림프와 알싸한 할라피뇨에 매콤달콤한 크리미칠리 드레싱이 어우러진 스파이시 쉬림프 치아바타 샌드위치,,채소,"케이준 쉬림프, 할라피뇨, 토마토, 슈레드치즈, 화이트치즈",크리미칠리,,"로메인, 프릴아이스, 적채",254,463.7,55.4,8.7,18.7,18.5,4.4,1176.4,"달걀, 우유, 대두, 밀, 새우, 토마토, 소고기",●,●,,,●,●,,,,●,,,,,●,,,●,,https://salady.com/menu/list_1,SALADY / 스파이시쉬림프샌드위치 / nutrition_260715,SALADY / 스파이시쉬림프샌드위치 / allergy_260715,최신 상세페이지와 2026.07 영양값 상이: 단백질(g) 18.7↔18.4
샌드위치,불고기 반미 샌드위치,Bulgogi Banh mi Sandwich,"쫄깃한 치아바타 속 단짠 불고기와 상큼하고 아삭한 당근라페, 적채, 양파가 어우러진 반미 스타일의 치아바타 샌드위치",BEST,채소,"우삼겹, 양파, 적채, 당근라페, 화이트치즈",크리미칠리,,"로메인, 프릴아이스, 적채",254,578.7,61.3,14.1,18.7,28.9,8.1,899.0,"달걀, 우유, 대두, 밀, 조개류 (굴, 전복, 홍합포함), 소고기",●,●,,,●,●,,,,,,,●,,,,,●,,https://salady.com/menu/list_1,SALADY / 불고기반미샌드위치 / nutrition_260715,SALADY / 불고기반미샌드위치 / allergy_260715,
샌드위치,BELT 시저 샌드위치,BELT Caesar Sandwich,쫄깃한 치아바타 속 짭조름한 베이컨과 부드러운 에그에 시저 드레싱의 감칠맛이 더해진 치아바타 샌드위치,,채소,"베이컨, 에그, 토마토, 슈레드치즈, 화이트치즈",시저,,"로메인, 프릴아이스, 적채",254,570.3,52.5,6.3,21.6,29.7,8.2,874.4,"달걀, 우유, 대두, 밀, 토마토, 돼지 고기, 아황산류 (10mg/kg 이상함유)",●,●,,,●,●,,,,,,,,,●,,●,,●,https://salady.com/menu/list_1,SALADY / BELT 시저샌드위치 / nutrition_260715,SALADY / BELT 시저샌드위치 / allergy_260715,
샌드위치,[프로틴]프레시 잠봉 샌드위치,[Protein]Fresh Jambon,쫄깃한 통밀 치아바타 속 신선한 잠봉과 토마토에 더블 치즈 풍미가 가득한 잠봉 프로틴 치아바타 샌드위치,,채소,"잠봉, 양파, 토마토, 슈레드치즈, 화이트치즈",크리미할라피뇨,,"로메인, 프릴아이스, 적채",241,493.3,54.2,8.5,20.0,21.7,5.2,1135.5,"달걀, 우유, 대두, 밀, 토마토, 돼지 고기",●,●,,,●,●,,,,,,,,,●,,●,,,https://salady.com/menu/list_1,SALADY & SANDWICH (대상매장) / 프레시잠봉샌드위치 / nutrition_260715,SALADY & SANDWICH / 프레시잠봉샌드위치 / allergy_260715,"최신 상세페이지와 2026.07 영양값 상이: 열량(kcal) 493.3↔491.2, 탄수화물(g) 54.2↔53.9, 당류(g) 8.5↔8.4, 단백질(g) 20↔19.8, 지방(g) 21.7↔21.6, 나트륨(mg) 1135.5↔1133.9"
샌드위치,클래식 치킨 샌드위치,Classic Chicken Sandwich,"쫄깃한 통밀 치아바타 속 부드러운 시즈닝 닭가슴살과 상큼한 크랜베리, 치즈의 풍미가 어우러진 치아바타 샌드위치",BEST,채소,"시즈닝 닭가슴살, 크랜베리, 토마토, 화이트치즈",시저,,"로메인, 프릴아이스, 적채",214,469.0,60.8,13.3,17.3,17.8,3.4,733.8,"달걀, 우유, 대두, 밀, 토마토, 닭고기, 아황산류 (10mg/kg 이상함유)",●,●,,,●,●,,,,,,,,,●,●,,,●,https://salady.com/menu/list_1,SALADY / 클래식치킨샌드위치 / nutrition_260715,SALADY / 클래식치킨샌드위치 / allergy_260715,
샌드위치,[프로틴]비프에그마요 샌드위치,[Protein]Beef Egg Mayo Sandwich,쫄깃한 통밀 치아바타 속 단짠 우삼겹과 고소하고 부드러운 에그마요가 어우러진 우삼겹 프로틴 치아바타 샌드위치,,*채소 미포함,"우삼겹, 슈레드치즈, 에그마요, 옥수수, 당근라페, 화이트치즈",허니머스타드,,"로메인, 프릴아이스, 적채",275,712.6,64.9,15.1,25.5,38.6,11.2,1047.3,"달걀, 우유, 대두, 밀, 조개류 (굴, 전복, 홍합포함), 소고기",●,●,,,●,●,,,,,,,●,,,,,●,,https://salady.com/menu/list_1,SALADY / 비프에그마요샌드위치 / nutrition_260715,SALADY / 비프에그마요샌드위치 / allergy_260715,"베이스에는 '*채소 미포함'으로 표기되지만 상세설명에는 채소 구성(로메인, 프릴아이스, 적채)이 함께 표시됨."
샌드위치,[프로틴]바질 레몬연어 샌드위치,[Protein]Basil Lemon Salmon,쫄깃한 통밀 치아바타 속 바질 풍미가 가득한 연어와 달콤한 스윗포테이토가 어우러진 연어 프로틴 치아바타 샌드위치,,채소,"그라브락스연어, 당근라페, 스윗포테이토, 옥수수, 화이트치즈",바질페스토,,"로메인, 프릴아이스, 적채",289,576.5,71.0,17.0,20.8,22.7,4.0,1023.0,"달걀, 우유, 대두, 밀, 고등어",●,●,,,●,●,,,,,,●,,,,,,,,https://salady.com/menu/list_1,SALADY & SANDWICH (대상매장) / 바질레몬연어샌드위치 / nutrition_260715,SALADY & SANDWICH / 바질레몬연어샌드위치 / allergy_260715,"최신 상세페이지와 2026.07 영양값 상이: 열량(kcal) 576.5↔574.4, 탄수화물(g) 71↔70.7, 당류(g) 17↔16.9, 단백질(g) 20.8↔20.6, 지방(g) 22.7↔22.6, 나트륨(mg) 1023↔1021.5"
곡물랩,칠리베이컨 곡물랩,Chilli Bacon Grain Wrap,"또띠아 속 베이컨, 에그, 옥수수의 고소하고 톡톡 터지는 식감과 매콤달콤한 소스 조합이 입맛을 돋우고, 통곡물이 만나 더욱 든든하게 즐기는 랩 샌드위치",BEST,"곡물, 채소","에그, 칩베이컨, 옥수수, 양파플레이크",크리미칠리,"귀리, 찹쌀, 찰보리","로메인, 프릴아이스, 적채",305,730.4,75.5,12.9,21.5,37.6,10.9,1067.1,"달걀, 우유, 대두, 밀, 돼지 고기",●,●,,,●,●,,,,,,,,,,,●,,,https://salady.com/menu/view_1?idx=57&ca_id=0502,SALADY / 칠리베이컨곡물랩 / nutrition_260715,SALADY / 칠리베이컨곡물랩 / allergy_260715,
곡물랩,고소우삼겹 곡물랩,Perilla Oil Beef Loin Grain Wrap,"또띠아 속 감칠맛과 풍미 가득한 저당 들기름소이 소스로 양념한 우삼겹과 견과류로 한 층 더 고소함을 살리고, 통곡물이 만나 더욱 든든하게 즐기는 랩 샌드위치",LOW SUGAR,"곡물, 채소","우삼겹, 양파, 견과류, 적채",(저당) 들기름소이,"귀리, 찹쌀, 찰보리","로메인, 프릴아이스, 적채",305,704.7,79.1,6.5,24.0,32.5,9.3,1089.8,"우유, 대두, 밀, 호두, 조개류 (굴, 전복, 홍합포함), 소고기",,●,,,●,●,,●,,,,,●,,,,,●,,https://salady.com/menu/view_1?idx=58&ca_id=0502,SALADY / 고소우삼겹곡물랩 / nutrition_260715,SALADY / 고소우삼겹곡물랩 / allergy_260715,
곡물랩,바베큐닭다리살 곡물랩,Barbecue Chicken Thigh Grain Wrap,"또띠아 속 촉촉하고 쫄깃한 닭다리살, 매콤달콤 바베큐소스로 중독성 강한 조합에, 통곡물이 만나 더욱 든든하게 즐기는 랩 샌드위치",,"곡물, 채소","로스트닭다리살, 적채, 옥수수, 슈레드치즈, 토마토, 바베큐소스",크리미할라피뇨,"귀리, 찹쌀, 찰보리","로메인, 프릴아이스, 적채",340,717.3,76.8,13.5,26.1,34.0,9.7,1288.1,"달걀, 우유, 대두, 밀, 토마토, 닭고기, 소고기",●,●,,,●,●,,,,,,,,,●,●,,●,,https://salady.com/menu/view_1?idx=59&ca_id=0502,SALADY / 바베큐닭다리살곡물랩 / nutrition_260715,SALADY / 바베큐닭다리살곡물랩 / allergy_260715,공식 상세페이지에는 드레싱이 '크리 할라피뇨'로 표기되어 있어 기존 공식 메뉴명 '크리미할라피뇨'로 정규화
랩,멕시칸 랩,Mexican Wrap,"또띠아 속 매콤달콤한 크리미칠리 드레싱과 그라운드비프, 나쵸 토핑이 어우러진 샐러디 스테디 랩 샌드위치",BEST,채소,"그라운드비프, 나쵸칩, 사워크림",크리미칠리,,"로메인, 프릴아이스, 적채",234,607.4,52.5,10.9,19.4,35.1,9.9,931.2,"달걀, 우유, 대두, 밀, 돼지 고기, 소고기",●,●,,,●,●,,,,,,,,,,,●,●,,https://salady.com/menu/view_1?idx=53&ca_id=0501,SALADY / 멕시칸랩 / nutrition_260715,SALADY / 멕시칸랩 / allergy_260715,
랩,그라브락스 연어 랩,Gravlax Salmon Wrap,북유럽 전통 방식으로 숙성시켜 풍미와 쫄깃함이 가득한 그라브락스 연어와 양파 등 토핑과 산뜻한 크리미할라피뇨 드레싱이 어우러진 랩 샌드위치,,채소,"그라브락스 연어, 양파, 토마토",크리미할라피뇨,,"로메인, 프릴아이스, 적채",244,475.4,40.0,8.9,17.6,27.6,6.1,1014.2,"우유, 대두, 밀, 토마토",,●,,,●,●,,,,,,,,,●,,,,,https://salady.com/menu/view_1?idx=132&ca_id=0501,SALADY / 그라브락스연어랩 / nutrition_260715,SALADY / 그라브락스연어랩 / allergy_260715,
랩,시저치킨 랩,Caesar Chicken Wrap,"또띠아 속 부드러운 시즈닝 닭가슴살과 상큼한 크랜베리, 치즈풍미의 시저드레싱이 어우러진 랩 샌드위치",,채소,"시즈닝 닭가슴살, 크랜베리",시저,,"로메인, 프릴아이스, 적채",229,500.9,46.2,12.4,21.8,25.7,6.3,877.4,"달걀, 우유, 대두, 밀, 닭고기, 아황산류 (10mg/kg 이상함유)",●,●,,,●,●,,,,,,,,,,●,,,●,https://salady.com/menu/view_1?idx=54&ca_id=0501,SALADY / 시저치킨랩 / nutrition_260715,SALADY / 시저치킨랩 / allergy_260715,
랩,로스트닭다리살 랩,Roast Chicken Thigh Wrap,"또띠아 속 촉촉하고 쫄깃한 닭다리살과 토마토, 할라피뇨, 사워크림 토핑이 어우러져 치킨 케밥 스타일 완성된 중독성 강한 랩 샌드위치",,채소,"로스트닭다리살, 양파, 토마토, 할라피뇨, 사워크림",크리미할라피뇨,,"로메인, 프릴아이스, 적채",294,549.6,46.3,10.3,19.8,31.9,9.2,1206.3,"우유, 대두, 밀, 토마토, 닭고기, 소고기",,●,,,●,●,,,,,,,,,●,●,,●,,https://salady.com/menu/view_1?idx=55&ca_id=0501,SALADY / 로스트닭다리살랩 / nutrition_260715,SALADY / 로스트닭다리살랩 / allergy_260715,
랩,에그마요 랩,Egg Mayo Wrap,"또띠아 속 고소하고 부드러운 에그마요와 톡톡 터지는 옥수수, 바삭한 나쵸가 토핑된 스낵 스타일의 랩 샌드위치",,*채소 미포함,"에그마요, 옥수수, 칩베이컨, 나쵸칩",크리미할라피뇨,,,225,661.6,49.7,5.3,19.4,42.8,9.8,1054.3,"달걀, 우유, 대두, 밀, 조개류 (굴, 전복, 홍합포함), 돼지 고기",●,●,,,●,●,,,,,,,●,,,,●,,,https://salady.com/menu/view_1?idx=91&ca_id=0501,SALADY / 에그마요랩 / nutrition_260715,SALADY / 에그마요랩 / allergy_260715,
랩,바질치킨 랩,Basil Chicken Wrap,또띠아 속 향긋한 바질페스토와 부드러운 시즈닝 닭가슴살이 어우러진 랩 샌드위치,,채소,"시즈닝 닭가슴살, 바질페스토, 크랜베리",시저,,"로메인, 프릴아이스, 적채",229,523.9,44.7,12.6,24.2,26.8,6.8,932.4,"달걀, 우유, 대두, 밀, 닭고기, 아황산류 (10mg/kg 이상함유)",●,●,,,●,●,,,,,,,,,,●,,,●,https://salady.com/menu/view_1?idx=146&ca_id=0501,SALADY / 바질치킨랩 / nutrition_260715,SALADY / 바질치킨랩 / allergy_260715,
랩,타코 쉬림프 랩,Taco Shrimp,"또띠아 속 맛있게 매콤한 탱글탱글 케이준 쉬림프와 바삭한 나쵸칩, 상큼한 사워크림, 신선한 채소를 가득 담아 타코 스타일로 간편하게 즐기는 랩 샌드위치",BEST,채소,"케이준 쉬림프, 양파, 할라피뇨, 토마토, 나쵸칩, 사워크림",허니머스타드,,"로메인, 프릴아이스, 적채",289,501.1,59.4,15.5,15.4,22.4,6.0,1123.1,"달걀, 우유, 대두, 밀, 새우, 토마토, 소고기",●,●,,,●,●,,,,●,,,,,●,,,●,,https://salady.com/menu/view_1?idx=147&ca_id=0501,SALADY / 타코쉬림프랩 / nutrition_260715,SALADY / 타코쉬림프랩 / allergy_260715,
랩,바질크림 잠봉 랩,Basil Cream Jambon,"또띠아 속 풍미 가득한 바질크림에 담백한 잠봉과 양파, 당근라페 토핑이 어우러진 프로틴 랩 샌드위치 (포함 드레싱: 바질페스토)",,채소,"잠봉, 당근라페, 양파, 적채, 화이트치즈",바질페스토,,"로메인, 적채",,462.9,41.8,10.9,16.4,24.5,6.9,1068.9,,,,,,,,,,,,,,,,,,,,,https://salady.com/menu/view_1?idx=153&ca_id=0501,,,2026.07 알레르기 자료에 동일 메뉴 없음 | 2026.07 영양정보 자료에 동일 메뉴 없음
