메뉴명,기본가격,설명,이미지링크,옵션그룹,필수여부,최대선택수,선택방식,옵션명,추가금액,서빙량,서빙단위,단백질(g)
고추장 제육 간장메밀 누들볼 세트,13900,"고추장제육 간장메밀 누들볼 + 카사바칩 + 코크제로
제육은 못 참지! 매콤한 고추장제육과 알싸한 청양간장 소스의 감칠맛에 당근라페, 머쉬룸, 적채가 어우러진 샐러디의 캐쥬얼 한식풍 누들 샐러드 (*드레싱 미제공, 포함 드레싱: 청양간장)",https://naverbooking-phinf.pstatic.net/20260727_249/1785110586082N37Rr_PNG/image.png?type=f459_345_60_sharpen,올데이(사이드+음료),필수,1,단일선택,카사바칩 + 코크제로,0,,,
고추장 제육 간장메밀 누들볼 세트,13900,"고추장제육 간장메밀 누들볼 + 카사바칩 + 코크제로
제육은 못 참지! 매콤한 고추장제육과 알싸한 청양간장 소스의 감칠맛에 당근라페, 머쉬룸, 적채가 어우러진 샐러디의 캐쥬얼 한식풍 누들 샐러드 (*드레싱 미제공, 포함 드레싱: 청양간장)",https://naverbooking-phinf.pstatic.net/20260727_249/1785110586082N37Rr_PNG/image.png?type=f459_345_60_sharpen,올데이(사이드+음료),필수,1,단일선택,카사바칩 + 스프라이트제로,0,,,
고추장 제육 간장메밀 누들볼 세트,13900,"고추장제육 간장메밀 누들볼 + 카사바칩 + 코크제로
제육은 못 참지! 매콤한 고추장제육과 알싸한 청양간장 소스의 감칠맛에 당근라페, 머쉬룸, 적채가 어우러진 샐러디의 캐쥬얼 한식풍 누들 샐러드 (*드레싱 미제공, 포함 드레싱: 청양간장)",https://naverbooking-phinf.pstatic.net/20260727_249/1785110586082N37Rr_PNG/image.png?type=f459_345_60_sharpen,올데이(사이드+음료),필수,1,단일선택,카사바칩 + 아메리카노 (HOT),0,,,
고추장 제육 간장메밀 누들볼 세트,13900,"고추장제육 간장메밀 누들볼 + 카사바칩 + 코크제로
제육은 못 참지! 매콤한 고추장제육과 알싸한 청양간장 소스의 감칠맛에 당근라페, 머쉬룸, 적채가 어우러진 샐러디의 캐쥬얼 한식풍 누들 샐러드 (*드레싱 미제공, 포함 드레싱: 청양간장)",https://naverbooking-phinf.pstatic.net/20260727_249/1785110586082N37Rr_PNG/image.png?type=f459_345_60_sharpen,올데이(사이드+음료),필수,1,단일선택,카사바칩 + 아메리카노 (ICE),0,,,
고추장 제육 간장메밀 누들볼 세트,13900,"고추장제육 간장메밀 누들볼 + 카사바칩 + 코크제로
제육은 못 참지! 매콤한 고추장제육과 알싸한 청양간장 소스의 감칠맛에 당근라페, 머쉬룸, 적채가 어우러진 샐러디의 캐쥬얼 한식풍 누들 샐러드 (*드레싱 미제공, 포함 드레싱: 청양간장)",https://naverbooking-phinf.pstatic.net/20260727_249/1785110586082N37Rr_PNG/image.png?type=f459_345_60_sharpen,올데이(사이드+음료),필수,1,단일선택,카사바칩 + 애사비 사과 스파클링,200,,,
고추장 제육 간장메밀 누들볼 세트,13900,"고추장제육 간장메밀 누들볼 + 카사바칩 + 코크제로
제육은 못 참지! 매콤한 고추장제육과 알싸한 청양간장 소스의 감칠맛에 당근라페, 머쉬룸, 적채가 어우러진 샐러디의 캐쥬얼 한식풍 누들 샐러드 (*드레싱 미제공, 포함 드레싱: 청양간장)",https://naverbooking-phinf.pstatic.net/20260727_249/1785110586082N37Rr_PNG/image.png?type=f459_345_60_sharpen,올데이(사이드+음료),필수,1,단일선택,카사바칩 + 착즙주스 (그린밀싹),2000,,,
고추장 제육 간장메밀 누들볼 세트,13900,"고추장제육 간장메밀 누들볼 + 카사바칩 + 코크제로
제육은 못 참지! 매콤한 고추장제육과 알싸한 청양간장 소스의 감칠맛에 당근라페, 머쉬룸, 적채가 어우러진 샐러디의 캐쥬얼 한식풍 누들 샐러드 (*드레싱 미제공, 포함 드레싱: 청양간장)",https://naverbooking-phinf.pstatic.net/20260727_249/1785110586082N37Rr_PNG/image.png?type=f459_345_60_sharpen,올데이(사이드+음료),필수,1,단일선택,카사바칩 + 착즙주스 (오렌지당근),2000,,,
고추장 제육 간장메밀 누들볼 세트,13900,"고추장제육 간장메밀 누들볼 + 카사바칩 + 코크제로
제육은 못 참지! 매콤한 고추장제육과 알싸한 청양간장 소스의 감칠맛에 당근라페, 머쉬룸, 적채가 어우러진 샐러디의 캐쥬얼 한식풍 누들 샐러드 (*드레싱 미제공, 포함 드레싱: 청양간장)",https://naverbooking-phinf.pstatic.net/20260727_249/1785110586082N37Rr_PNG/image.png?type=f459_345_60_sharpen,올데이(사이드+음료),필수,1,단일선택,카사바칩 + 착즙주스 (레드클렌즈),2000,,,
고추장 제육 간장메밀 누들볼 세트,13900,"고추장제육 간장메밀 누들볼 + 카사바칩 + 코크제로
제육은 못 참지! 매콤한 고추장제육과 알싸한 청양간장 소스의 감칠맛에 당근라페, 머쉬룸, 적채가 어우러진 샐러디의 캐쥬얼 한식풍 누들 샐러드 (*드레싱 미제공, 포함 드레싱: 청양간장)",https://naverbooking-phinf.pstatic.net/20260727_249/1785110586082N37Rr_PNG/image.png?type=f459_345_60_sharpen,베이스 추가,선택,2,수량,채소,1000,30.0,%(기본제공량),
고추장 제육 간장메밀 누들볼 세트,13900,"고추장제육 간장메밀 누들볼 + 카사바칩 + 코크제로
제육은 못 참지! 매콤한 고추장제육과 알싸한 청양간장 소스의 감칠맛에 당근라페, 머쉬룸, 적채가 어우러진 샐러디의 캐쥬얼 한식풍 누들 샐러드 (*드레싱 미제공, 포함 드레싱: 청양간장)",https://naverbooking-phinf.pstatic.net/20260727_249/1785110586082N37Rr_PNG/image.png?type=f459_345_60_sharpen,베이스 추가,선택,2,수량,곡물,1000,50.0,%(기본제공량),
고추장 제육 간장메밀 누들볼 세트,13900,"고추장제육 간장메밀 누들볼 + 카사바칩 + 코크제로
제육은 못 참지! 매콤한 고추장제육과 알싸한 청양간장 소스의 감칠맛에 당근라페, 머쉬룸, 적채가 어우러진 샐러디의 캐쥬얼 한식풍 누들 샐러드 (*드레싱 미제공, 포함 드레싱: 청양간장)",https://naverbooking-phinf.pstatic.net/20260727_249/1785110586082N37Rr_PNG/image.png?type=f459_345_60_sharpen,베이스 추가,선택,2,수량,메밀면,1000,50.0,%(기본제공량),
고추장 제육 간장메밀 누들볼 세트,13900,"고추장제육 간장메밀 누들볼 + 카사바칩 + 코크제로
제육은 못 참지! 매콤한 고추장제육과 알싸한 청양간장 소스의 감칠맛에 당근라페, 머쉬룸, 적채가 어우러진 샐러디의 캐쥬얼 한식풍 누들 샐러드 (*드레싱 미제공, 포함 드레싱: 청양간장)",https://naverbooking-phinf.pstatic.net/20260727_249/1785110586082N37Rr_PNG/image.png?type=f459_345_60_sharpen,베이스 추가,선택,2,수량,파스타,1000,50.0,%(기본제공량),
고추장 제육 간장메밀 누들볼 세트,13900,"고추장제육 간장메밀 누들볼 + 카사바칩 + 코크제로
제육은 못 참지! 매콤한 고추장제육과 알싸한 청양간장 소스의 감칠맛에 당근라페, 머쉬룸, 적채가 어우러진 샐러디의 캐쥬얼 한식풍 누들 샐러드 (*드레싱 미제공, 포함 드레싱: 청양간장)",https://naverbooking-phinf.pstatic.net/20260727_249/1785110586082N37Rr_PNG/image.png?type=f459_345_60_sharpen,토핑 추가,선택,5,수량,닭가슴살,2300,50.0,g,13.1
고추장 제육 간장메밀 누들볼 세트,13900,"고추장제육 간장메밀 누들볼 + 카사바칩 + 코크제로
제육은 못 참지! 매콤한 고추장제육과 알싸한 청양간장 소스의 감칠맛에 당근라페, 머쉬룸, 적채가 어우러진 샐러디의 캐쥬얼 한식풍 누들 샐러드 (*드레싱 미제공, 포함 드레싱: 청양간장)",https://naverbooking-phinf.pstatic.net/20260727_249/1785110586082N37Rr_PNG/image.png?type=f459_345_60_sharpen,토핑 추가,선택,5,수량,그라브락스 연어,4900,60.0,g,12.8
고추장 제육 간장메밀 누들볼 세트,13900,"고추장제육 간장메밀 누들볼 + 카사바칩 + 코크제로
제육은 못 참지! 매콤한 고추장제육과 알싸한 청양간장 소스의 감칠맛에 당근라페, 머쉬룸, 적채가 어우러진 샐러디의 캐쥬얼 한식풍 누들 샐러드 (*드레싱 미제공, 포함 드레싱: 청양간장)",https://naverbooking-phinf.pstatic.net/20260727_249/1785110586082N37Rr_PNG/image.png?type=f459_345_60_sharpen,토핑 추가,선택,5,수량,로스트닭다리살,3500,60.0,g,10.5
고추장 제육 간장메밀 누들볼 세트,13900,"고추장제육 간장메밀 누들볼 + 카사바칩 + 코크제로
제육은 못 참지! 매콤한 고추장제육과 알싸한 청양간장 소스의 감칠맛에 당근라페, 머쉬룸, 적채가 어우러진 샐러디의 캐쥬얼 한식풍 누들 샐러드 (*드레싱 미제공, 포함 드레싱: 청양간장)",https://naverbooking-phinf.pstatic.net/20260727_249/1785110586082N37Rr_PNG/image.png?type=f459_345_60_sharpen,토핑 추가,선택,5,수량,그라운드비프,1500,40.0,g,10.2
고추장 제육 간장메밀 누들볼 세트,13900,"고추장제육 간장메밀 누들볼 + 카사바칩 + 코크제로
제육은 못 참지! 매콤한 고추장제육과 알싸한 청양간장 소스의 감칠맛에 당근라페, 머쉬룸, 적채가 어우러진 샐러디의 캐쥬얼 한식풍 누들 샐러드 (*드레싱 미제공, 포함 드레싱: 청양간장)",https://naverbooking-phinf.pstatic.net/20260727_249/1785110586082N37Rr_PNG/image.png?type=f459_345_60_sharpen,토핑 추가,선택,5,수량,우삼겹,2900,50.0,g,9.3
고추장 제육 간장메밀 누들볼 세트,13900,"고추장제육 간장메밀 누들볼 + 카사바칩 + 코크제로
제육은 못 참지! 매콤한 고추장제육과 알싸한 청양간장 소스의 감칠맛에 당근라페, 머쉬룸, 적채가 어우러진 샐러디의 캐쥬얼 한식풍 누들 샐러드 (*드레싱 미제공, 포함 드레싱: 청양간장)",https://naverbooking-phinf.pstatic.net/20260727_249/1785110586082N37Rr_PNG/image.png?type=f459_345_60_sharpen,토핑 추가,선택,5,수량,칩베이컨,1800,20.0,g,3.0
고추장 제육 간장메밀 누들볼 세트,13900,"고추장제육 간장메밀 누들볼 + 카사바칩 + 코크제로
제육은 못 참지! 매콤한 고추장제육과 알싸한 청양간장 소스의 감칠맛에 당근라페, 머쉬룸, 적채가 어우러진 샐러디의 캐쥬얼 한식풍 누들 샐러드 (*드레싱 미제공, 포함 드레싱: 청양간장)",https://naverbooking-phinf.pstatic.net/20260727_249/1785110586082N37Rr_PNG/image.png?type=f459_345_60_sharpen,토핑 추가,선택,5,수량,고추장제육,3900,70.0,g,10.5
고추장 제육 간장메밀 누들볼 세트,13900,"고추장제육 간장메밀 누들볼 + 카사바칩 + 코크제로
제육은 못 참지! 매콤한 고추장제육과 알싸한 청양간장 소스의 감칠맛에 당근라페, 머쉬룸, 적채가 어우러진 샐러디의 캐쥬얼 한식풍 누들 샐러드 (*드레싱 미제공, 포함 드레싱: 청양간장)",https://naverbooking-phinf.pstatic.net/20260727_249/1785110586082N37Rr_PNG/image.png?type=f459_345_60_sharpen,토핑 추가,선택,5,수량,에그,1000,1.0,ea,6.7
고추장 제육 간장메밀 누들볼 세트,13900,"고추장제육 간장메밀 누들볼 + 카사바칩 + 코크제로
제육은 못 참지! 매콤한 고추장제육과 알싸한 청양간장 소스의 감칠맛에 당근라페, 머쉬룸, 적채가 어우러진 샐러디의 캐쥬얼 한식풍 누들 샐러드 (*드레싱 미제공, 포함 드레싱: 청양간장)",https://naverbooking-phinf.pstatic.net/20260727_249/1785110586082N37Rr_PNG/image.png?type=f459_345_60_sharpen,토핑 추가,선택,5,수량,케이준 쉬림프,4500,60.0,g,8.3
고추장 제육 간장메밀 누들볼 세트,13900,"고추장제육 간장메밀 누들볼 + 카사바칩 + 코크제로
제육은 못 참지! 매콤한 고추장제육과 알싸한 청양간장 소스의 감칠맛에 당근라페, 머쉬룸, 적채가 어우러진 샐러디의 캐쥬얼 한식풍 누들 샐러드 (*드레싱 미제공, 포함 드레싱: 청양간장)",https://naverbooking-phinf.pstatic.net/20260727_249/1785110586082N37Rr_PNG/image.png?type=f459_345_60_sharpen,토핑 추가,선택,5,수량,잠봉 슬라이스,2000,3.0,ea,4.7
고추장 제육 간장메밀 누들볼 세트,13900,"고추장제육 간장메밀 누들볼 + 카사바칩 + 코크제로
제육은 못 참지! 매콤한 고추장제육과 알싸한 청양간장 소스의 감칠맛에 당근라페, 머쉬룸, 적채가 어우러진 샐러디의 캐쥬얼 한식풍 누들 샐러드 (*드레싱 미제공, 포함 드레싱: 청양간장)",https://naverbooking-phinf.pstatic.net/20260727_249/1785110586082N37Rr_PNG/image.png?type=f459_345_60_sharpen,토핑 추가,선택,5,수량,두부,2400,4.0,ea,4.2
고추장 제육 간장메밀 누들볼 세트,13900,"고추장제육 간장메밀 누들볼 + 카사바칩 + 코크제로
제육은 못 참지! 매콤한 고추장제육과 알싸한 청양간장 소스의 감칠맛에 당근라페, 머쉬룸, 적채가 어우러진 샐러디의 캐쥬얼 한식풍 누들 샐러드 (*드레싱 미제공, 포함 드레싱: 청양간장)",https://naverbooking-phinf.pstatic.net/20260727_249/1785110586082N37Rr_PNG/image.png?type=f459_345_60_sharpen,토핑 추가,선택,5,수량,에그마요,1500,50.0,g,
고추장 제육 간장메밀 누들볼 세트,13900,"고추장제육 간장메밀 누들볼 + 카사바칩 + 코크제로
제육은 못 참지! 매콤한 고추장제육과 알싸한 청양간장 소스의 감칠맛에 당근라페, 머쉬룸, 적채가 어우러진 샐러디의 캐쥬얼 한식풍 누들 샐러드 (*드레싱 미제공, 포함 드레싱: 청양간장)",https://naverbooking-phinf.pstatic.net/20260727_249/1785110586082N37Rr_PNG/image.png?type=f459_345_60_sharpen,토핑 추가,선택,5,수량,스윗포테이토,1400,70.0,g,
고추장 제육 간장메밀 누들볼 세트,13900,"고추장제육 간장메밀 누들볼 + 카사바칩 + 코크제로
제육은 못 참지! 매콤한 고추장제육과 알싸한 청양간장 소스의 감칠맛에 당근라페, 머쉬룸, 적채가 어우러진 샐러디의 캐쥬얼 한식풍 누들 샐러드 (*드레싱 미제공, 포함 드레싱: 청양간장)",https://naverbooking-phinf.pstatic.net/20260727_249/1785110586082N37Rr_PNG/image.png?type=f459_345_60_sharpen,토핑 추가,선택,5,수량,단호박,1400,70.0,g,
고추장 제육 간장메밀 누들볼 세트,13900,"고추장제육 간장메밀 누들볼 + 카사바칩 + 코크제로
제육은 못 참지! 매콤한 고추장제육과 알싸한 청양간장 소스의 감칠맛에 당근라페, 머쉬룸, 적채가 어우러진 샐러디의 캐쥬얼 한식풍 누들 샐러드 (*드레싱 미제공, 포함 드레싱: 청양간장)",https://naverbooking-phinf.pstatic.net/20260727_249/1785110586082N37Rr_PNG/image.png?type=f459_345_60_sharpen,토핑 추가,선택,5,수량,사워크림,600,10.0,g,
고추장 제육 간장메밀 누들볼 세트,13900,"고추장제육 간장메밀 누들볼 + 카사바칩 + 코크제로
제육은 못 참지! 매콤한 고추장제육과 알싸한 청양간장 소스의 감칠맛에 당근라페, 머쉬룸, 적채가 어우러진 샐러디의 캐쥬얼 한식풍 누들 샐러드 (*드레싱 미제공, 포함 드레싱: 청양간장)",https://naverbooking-phinf.pstatic.net/20260727_249/1785110586082N37Rr_PNG/image.png?type=f459_345_60_sharpen,토핑 추가,선택,5,수량,바질페스토,1500,20.0,g,
고추장 제육 간장메밀 누들볼 세트,13900,"고추장제육 간장메밀 누들볼 + 카사바칩 + 코크제로
제육은 못 참지! 매콤한 고추장제육과 알싸한 청양간장 소스의 감칠맛에 당근라페, 머쉬룸, 적채가 어우러진 샐러디의 캐쥬얼 한식풍 누들 샐러드 (*드레싱 미제공, 포함 드레싱: 청양간장)",https://naverbooking-phinf.pstatic.net/20260727_249/1785110586082N37Rr_PNG/image.png?type=f459_345_60_sharpen,토핑 추가,선택,5,수량,바베큐소스,600,10.0,g,
고추장 제육 간장메밀 누들볼 세트,13900,"고추장제육 간장메밀 누들볼 + 카사바칩 + 코크제로
제육은 못 참지! 매콤한 고추장제육과 알싸한 청양간장 소스의 감칠맛에 당근라페, 머쉬룸, 적채가 어우러진 샐러디의 캐쥬얼 한식풍 누들 샐러드 (*드레싱 미제공, 포함 드레싱: 청양간장)",https://naverbooking-phinf.pstatic.net/20260727_249/1785110586082N37Rr_PNG/image.png?type=f459_345_60_sharpen,토핑 추가,선택,5,수량,화이트치즈소스,600,20.0,g,
고추장 제육 간장메밀 누들볼 세트,13900,"고추장제육 간장메밀 누들볼 + 카사바칩 + 코크제로
제육은 못 참지! 매콤한 고추장제육과 알싸한 청양간장 소스의 감칠맛에 당근라페, 머쉬룸, 적채가 어우러진 샐러디의 캐쥬얼 한식풍 누들 샐러드 (*드레싱 미제공, 포함 드레싱: 청양간장)",https://naverbooking-phinf.pstatic.net/20260727_249/1785110586082N37Rr_PNG/image.png?type=f459_345_60_sharpen,토핑 추가,선택,5,수량,올리브,500,15.0,g,
고추장 제육 간장메밀 누들볼 세트,13900,"고추장제육 간장메밀 누들볼 + 카사바칩 + 코크제로
제육은 못 참지! 매콤한 고추장제육과 알싸한 청양간장 소스의 감칠맛에 당근라페, 머쉬룸, 적채가 어우러진 샐러디의 캐쥬얼 한식풍 누들 샐러드 (*드레싱 미제공, 포함 드레싱: 청양간장)",https://naverbooking-phinf.pstatic.net/20260727_249/1785110586082N37Rr_PNG/image.png?type=f459_345_60_sharpen,토핑 추가,선택,5,수량,할라피뇨,500,20.0,g,
고추장 제육 간장메밀 누들볼 세트,13900,"고추장제육 간장메밀 누들볼 + 카사바칩 + 코크제로
제육은 못 참지! 매콤한 고추장제육과 알싸한 청양간장 소스의 감칠맛에 당근라페, 머쉬룸, 적채가 어우러진 샐러디의 캐쥬얼 한식풍 누들 샐러드 (*드레싱 미제공, 포함 드레싱: 청양간장)",https://naverbooking-phinf.pstatic.net/20260727_249/1785110586082N37Rr_PNG/image.png?type=f459_345_60_sharpen,토핑 추가,선택,5,수량,머쉬룸,800,30.0,g,
고추장 제육 간장메밀 누들볼 세트,13900,"고추장제육 간장메밀 누들볼 + 카사바칩 + 코크제로
제육은 못 참지! 매콤한 고추장제육과 알싸한 청양간장 소스의 감칠맛에 당근라페, 머쉬룸, 적채가 어우러진 샐러디의 캐쥬얼 한식풍 누들 샐러드 (*드레싱 미제공, 포함 드레싱: 청양간장)",https://naverbooking-phinf.pstatic.net/20260727_249/1785110586082N37Rr_PNG/image.png?type=f459_345_60_sharpen,토핑 추가,선택,5,수량,적채,800,15.0,g,
고추장 제육 간장메밀 누들볼 세트,13900,"고추장제육 간장메밀 누들볼 + 카사바칩 + 코크제로
제육은 못 참지! 매콤한 고추장제육과 알싸한 청양간장 소스의 감칠맛에 당근라페, 머쉬룸, 적채가 어우러진 샐러디의 캐쥬얼 한식풍 누들 샐러드 (*드레싱 미제공, 포함 드레싱: 청양간장)",https://naverbooking-phinf.pstatic.net/20260727_249/1785110586082N37Rr_PNG/image.png?type=f459_345_60_sharpen,토핑 추가,선택,5,수량,옥수수,500,15.0,g,
고추장 제육 간장메밀 누들볼 세트,13900,"고추장제육 간장메밀 누들볼 + 카사바칩 + 코크제로
제육은 못 참지! 매콤한 고추장제육과 알싸한 청양간장 소스의 감칠맛에 당근라페, 머쉬룸, 적채가 어우러진 샐러디의 캐쥬얼 한식풍 누들 샐러드 (*드레싱 미제공, 포함 드레싱: 청양간장)",https://naverbooking-phinf.pstatic.net/20260727_249/1785110586082N37Rr_PNG/image.png?type=f459_345_60_sharpen,토핑 추가,선택,5,수량,양파,500,15.0,g,
고추장 제육 간장메밀 누들볼 세트,13900,"고추장제육 간장메밀 누들볼 + 카사바칩 + 코크제로
제육은 못 참지! 매콤한 고추장제육과 알싸한 청양간장 소스의 감칠맛에 당근라페, 머쉬룸, 적채가 어우러진 샐러디의 캐쥬얼 한식풍 누들 샐러드 (*드레싱 미제공, 포함 드레싱: 청양간장)",https://naverbooking-phinf.pstatic.net/20260727_249/1785110586082N37Rr_PNG/image.png?type=f459_345_60_sharpen,토핑 추가,선택,5,수량,토마토,600,2.0,ea,
고추장 제육 간장메밀 누들볼 세트,13900,"고추장제육 간장메밀 누들볼 + 카사바칩 + 코크제로
제육은 못 참지! 매콤한 고추장제육과 알싸한 청양간장 소스의 감칠맛에 당근라페, 머쉬룸, 적채가 어우러진 샐러디의 캐쥬얼 한식풍 누들 샐러드 (*드레싱 미제공, 포함 드레싱: 청양간장)",https://naverbooking-phinf.pstatic.net/20260727_249/1785110586082N37Rr_PNG/image.png?type=f459_345_60_sharpen,토핑 추가,선택,5,수량,당근라페,700,20.0,g,
고추장 제육 간장메밀 누들볼 세트,13900,"고추장제육 간장메밀 누들볼 + 카사바칩 + 코크제로
제육은 못 참지! 매콤한 고추장제육과 알싸한 청양간장 소스의 감칠맛에 당근라페, 머쉬룸, 적채가 어우러진 샐러디의 캐쥬얼 한식풍 누들 샐러드 (*드레싱 미제공, 포함 드레싱: 청양간장)",https://naverbooking-phinf.pstatic.net/20260727_249/1785110586082N37Rr_PNG/image.png?type=f459_345_60_sharpen,토핑 추가,선택,5,수량,후리가케,300,3.0,g,
고추장 제육 간장메밀 누들볼 세트,13900,"고추장제육 간장메밀 누들볼 + 카사바칩 + 코크제로
제육은 못 참지! 매콤한 고추장제육과 알싸한 청양간장 소스의 감칠맛에 당근라페, 머쉬룸, 적채가 어우러진 샐러디의 캐쥬얼 한식풍 누들 샐러드 (*드레싱 미제공, 포함 드레싱: 청양간장)",https://naverbooking-phinf.pstatic.net/20260727_249/1785110586082N37Rr_PNG/image.png?type=f459_345_60_sharpen,토핑 추가,선택,5,수량,견과류,1000,15.0,g,
고추장 제육 간장메밀 누들볼 세트,13900,"고추장제육 간장메밀 누들볼 + 카사바칩 + 코크제로
제육은 못 참지! 매콤한 고추장제육과 알싸한 청양간장 소스의 감칠맛에 당근라페, 머쉬룸, 적채가 어우러진 샐러디의 캐쥬얼 한식풍 누들 샐러드 (*드레싱 미제공, 포함 드레싱: 청양간장)",https://naverbooking-phinf.pstatic.net/20260727_249/1785110586082N37Rr_PNG/image.png?type=f459_345_60_sharpen,토핑 추가,선택,5,수량,나쵸칩,700,6.0,ea,
고추장 제육 간장메밀 누들볼 세트,13900,"고추장제육 간장메밀 누들볼 + 카사바칩 + 코크제로
제육은 못 참지! 매콤한 고추장제육과 알싸한 청양간장 소스의 감칠맛에 당근라페, 머쉬룸, 적채가 어우러진 샐러디의 캐쥬얼 한식풍 누들 샐러드 (*드레싱 미제공, 포함 드레싱: 청양간장)",https://naverbooking-phinf.pstatic.net/20260727_249/1785110586082N37Rr_PNG/image.png?type=f459_345_60_sharpen,토핑 추가,선택,5,수량,양파플레이크,700,10.0,g,
고추장 제육 간장메밀 누들볼 세트,13900,"고추장제육 간장메밀 누들볼 + 카사바칩 + 코크제로
제육은 못 참지! 매콤한 고추장제육과 알싸한 청양간장 소스의 감칠맛에 당근라페, 머쉬룸, 적채가 어우러진 샐러디의 캐쥬얼 한식풍 누들 샐러드 (*드레싱 미제공, 포함 드레싱: 청양간장)",https://naverbooking-phinf.pstatic.net/20260727_249/1785110586082N37Rr_PNG/image.png?type=f459_345_60_sharpen,토핑 추가,선택,5,수량,크랜베리,800,10.0,g,
고추장 제육 간장메밀 누들볼 세트,13900,"고추장제육 간장메밀 누들볼 + 카사바칩 + 코크제로
제육은 못 참지! 매콤한 고추장제육과 알싸한 청양간장 소스의 감칠맛에 당근라페, 머쉬룸, 적채가 어우러진 샐러디의 캐쥬얼 한식풍 누들 샐러드 (*드레싱 미제공, 포함 드레싱: 청양간장)",https://naverbooking-phinf.pstatic.net/20260727_249/1785110586082N37Rr_PNG/image.png?type=f459_345_60_sharpen,토핑 추가,선택,5,수량,슈레드치즈,500,10.0,g,
고추장 제육 간장메밀 누들볼 세트,13900,"고추장제육 간장메밀 누들볼 + 카사바칩 + 코크제로
제육은 못 참지! 매콤한 고추장제육과 알싸한 청양간장 소스의 감칠맛에 당근라페, 머쉬룸, 적채가 어우러진 샐러디의 캐쥬얼 한식풍 누들 샐러드 (*드레싱 미제공, 포함 드레싱: 청양간장)",https://naverbooking-phinf.pstatic.net/20260727_249/1785110586082N37Rr_PNG/image.png?type=f459_345_60_sharpen,토핑 추가,선택,5,수량,올리브 오일,600,10.0,g,
고추장 제육 간장메밀 누들볼 세트,13900,"고추장제육 간장메밀 누들볼 + 카사바칩 + 코크제로
제육은 못 참지! 매콤한 고추장제육과 알싸한 청양간장 소스의 감칠맛에 당근라페, 머쉬룸, 적채가 어우러진 샐러디의 캐쥬얼 한식풍 누들 샐러드 (*드레싱 미제공, 포함 드레싱: 청양간장)",https://naverbooking-phinf.pstatic.net/20260727_249/1785110586082N37Rr_PNG/image.png?type=f459_345_60_sharpen,드레싱 추가 구매,선택,1,단일선택,선택안함,0,,,
고추장 제육 간장메밀 누들볼 세트,13900,"고추장제육 간장메밀 누들볼 + 카사바칩 + 코크제로
제육은 못 참지! 매콤한 고추장제육과 알싸한 청양간장 소스의 감칠맛에 당근라페, 머쉬룸, 적채가 어우러진 샐러디의 캐쥬얼 한식풍 누들 샐러드 (*드레싱 미제공, 포함 드레싱: 청양간장)",https://naverbooking-phinf.pstatic.net/20260727_249/1785110586082N37Rr_PNG/image.png?type=f459_345_60_sharpen,드레싱 추가 구매,선택,1,단일선택,오리엔탈,900,,,
고추장 제육 간장메밀 누들볼 세트,13900,"고추장제육 간장메밀 누들볼 + 카사바칩 + 코크제로
제육은 못 참지! 매콤한 고추장제육과 알싸한 청양간장 소스의 감칠맛에 당근라페, 머쉬룸, 적채가 어우러진 샐러디의 캐쥬얼 한식풍 누들 샐러드 (*드레싱 미제공, 포함 드레싱: 청양간장)",https://naverbooking-phinf.pstatic.net/20260727_249/1785110586082N37Rr_PNG/image.png?type=f459_345_60_sharpen,드레싱 추가 구매,선택,1,단일선택,크리미칠리,900,,,
고추장 제육 간장메밀 누들볼 세트,13900,"고추장제육 간장메밀 누들볼 + 카사바칩 + 코크제로
제육은 못 참지! 매콤한 고추장제육과 알싸한 청양간장 소스의 감칠맛에 당근라페, 머쉬룸, 적채가 어우러진 샐러디의 캐쥬얼 한식풍 누들 샐러드 (*드레싱 미제공, 포함 드레싱: 청양간장)",https://naverbooking-phinf.pstatic.net/20260727_249/1785110586082N37Rr_PNG/image.png?type=f459_345_60_sharpen,드레싱 추가 구매,선택,1,단일선택,크리미할라피뇨 추가 (비건),900,,,
고추장 제육 간장메밀 누들볼 세트,13900,"고추장제육 간장메밀 누들볼 + 카사바칩 + 코크제로
제육은 못 참지! 매콤한 고추장제육과 알싸한 청양간장 소스의 감칠맛에 당근라페, 머쉬룸, 적채가 어우러진 샐러디의 캐쥬얼 한식풍 누들 샐러드 (*드레싱 미제공, 포함 드레싱: 청양간장)",https://naverbooking-phinf.pstatic.net/20260727_249/1785110586082N37Rr_PNG/image.png?type=f459_345_60_sharpen,드레싱 추가 구매,선택,1,단일선택,고추장비빔,900,,,
고추장 제육 간장메밀 누들볼 세트,13900,"고추장제육 간장메밀 누들볼 + 카사바칩 + 코크제로
제육은 못 참지! 매콤한 고추장제육과 알싸한 청양간장 소스의 감칠맛에 당근라페, 머쉬룸, 적채가 어우러진 샐러디의 캐쥬얼 한식풍 누들 샐러드 (*드레싱 미제공, 포함 드레싱: 청양간장)",https://naverbooking-phinf.pstatic.net/20260727_249/1785110586082N37Rr_PNG/image.png?type=f459_345_60_sharpen,드레싱 추가 구매,선택,1,단일선택,(저당) 레몬허브 추가 (비건),900,,,
고추장 제육 간장메밀 누들볼 세트,13900,"고추장제육 간장메밀 누들볼 + 카사바칩 + 코크제로
제육은 못 참지! 매콤한 고추장제육과 알싸한 청양간장 소스의 감칠맛에 당근라페, 머쉬룸, 적채가 어우러진 샐러디의 캐쥬얼 한식풍 누들 샐러드 (*드레싱 미제공, 포함 드레싱: 청양간장)",https://naverbooking-phinf.pstatic.net/20260727_249/1785110586082N37Rr_PNG/image.png?type=f459_345_60_sharpen,드레싱 추가 구매,선택,1,단일선택,(저당) 참깨소이,900,,,
고추장 제육 간장메밀 누들볼 세트,13900,"고추장제육 간장메밀 누들볼 + 카사바칩 + 코크제로
제육은 못 참지! 매콤한 고추장제육과 알싸한 청양간장 소스의 감칠맛에 당근라페, 머쉬룸, 적채가 어우러진 샐러디의 캐쥬얼 한식풍 누들 샐러드 (*드레싱 미제공, 포함 드레싱: 청양간장)",https://naverbooking-phinf.pstatic.net/20260727_249/1785110586082N37Rr_PNG/image.png?type=f459_345_60_sharpen,드레싱 추가 구매,선택,1,단일선택,(저당) 랜치,900,,,
고추장 제육 간장메밀 누들볼 세트,13900,"고추장제육 간장메밀 누들볼 + 카사바칩 + 코크제로
제육은 못 참지! 매콤한 고추장제육과 알싸한 청양간장 소스의 감칠맛에 당근라페, 머쉬룸, 적채가 어우러진 샐러디의 캐쥬얼 한식풍 누들 샐러드 (*드레싱 미제공, 포함 드레싱: 청양간장)",https://naverbooking-phinf.pstatic.net/20260727_249/1785110586082N37Rr_PNG/image.png?type=f459_345_60_sharpen,드레싱 추가 구매,선택,1,단일선택,(저당) 발사믹 추가 (비건),900,,,
고추장 제육 간장메밀 누들볼 세트,13900,"고추장제육 간장메밀 누들볼 + 카사바칩 + 코크제로
제육은 못 참지! 매콤한 고추장제육과 알싸한 청양간장 소스의 감칠맛에 당근라페, 머쉬룸, 적채가 어우러진 샐러디의 캐쥬얼 한식풍 누들 샐러드 (*드레싱 미제공, 포함 드레싱: 청양간장)",https://naverbooking-phinf.pstatic.net/20260727_249/1785110586082N37Rr_PNG/image.png?type=f459_345_60_sharpen,드레싱 추가 구매,선택,1,단일선택,(저당) 스리라차소이,900,,,
고추장 제육 간장메밀 누들볼 세트,13900,"고추장제육 간장메밀 누들볼 + 카사바칩 + 코크제로
제육은 못 참지! 매콤한 고추장제육과 알싸한 청양간장 소스의 감칠맛에 당근라페, 머쉬룸, 적채가 어우러진 샐러디의 캐쥬얼 한식풍 누들 샐러드 (*드레싱 미제공, 포함 드레싱: 청양간장)",https://naverbooking-phinf.pstatic.net/20260727_249/1785110586082N37Rr_PNG/image.png?type=f459_345_60_sharpen,스프 추가,선택,1,단일선택,선택안함,0,,,
고추장 제육 간장메밀 누들볼 세트,13900,"고추장제육 간장메밀 누들볼 + 카사바칩 + 코크제로
제육은 못 참지! 매콤한 고추장제육과 알싸한 청양간장 소스의 감칠맛에 당근라페, 머쉬룸, 적채가 어우러진 샐러디의 캐쥬얼 한식풍 누들 샐러드 (*드레싱 미제공, 포함 드레싱: 청양간장)",https://naverbooking-phinf.pstatic.net/20260727_249/1785110586082N37Rr_PNG/image.png?type=f459_345_60_sharpen,스프 추가,선택,1,단일선택,양송이 크림스프(할인),3900,,,
고추장 제육 간장메밀 누들볼 세트,13900,"고추장제육 간장메밀 누들볼 + 카사바칩 + 코크제로
제육은 못 참지! 매콤한 고추장제육과 알싸한 청양간장 소스의 감칠맛에 당근라페, 머쉬룸, 적채가 어우러진 샐러디의 캐쥬얼 한식풍 누들 샐러드 (*드레싱 미제공, 포함 드레싱: 청양간장)",https://naverbooking-phinf.pstatic.net/20260727_249/1785110586082N37Rr_PNG/image.png?type=f459_345_60_sharpen,스프 추가,선택,1,단일선택,포테이토 크림스프(할인),3900,,,
고추장 제육 간장메밀 누들볼 세트,13900,"고추장제육 간장메밀 누들볼 + 카사바칩 + 코크제로
제육은 못 참지! 매콤한 고추장제육과 알싸한 청양간장 소스의 감칠맛에 당근라페, 머쉬룸, 적채가 어우러진 샐러디의 캐쥬얼 한식풍 누들 샐러드 (*드레싱 미제공, 포함 드레싱: 청양간장)",https://naverbooking-phinf.pstatic.net/20260727_249/1785110586082N37Rr_PNG/image.png?type=f459_345_60_sharpen,스프 추가,선택,1,단일선택,단호박 크림스프(할인),4300,,,
고추장 제육 간장메밀 누들볼 세트,13900,"고추장제육 간장메밀 누들볼 + 카사바칩 + 코크제로
제육은 못 참지! 매콤한 고추장제육과 알싸한 청양간장 소스의 감칠맛에 당근라페, 머쉬룸, 적채가 어우러진 샐러디의 캐쥬얼 한식풍 누들 샐러드 (*드레싱 미제공, 포함 드레싱: 청양간장)",https://naverbooking-phinf.pstatic.net/20260727_249/1785110586082N37Rr_PNG/image.png?type=f459_345_60_sharpen,스프 추가,선택,1,단일선택,치킨토마토 스튜(할인),4300,,,
