적용범위,구분,메뉴명,제공량(g),열량(Kcal),탄수화물(g),당류(g),단백질(g),지방(g),포화지방(g),나트륨(mg)
SALADY,BASE,채소볼,80,10.5,1.4,0.5,0.9,0.2,0.0,7.9
SALADY,BASE,포케볼,172,271.1,50.6,0.4,7.9,4.2,0.7,53.0
SALADY,BASE,메밀면볼,164,144.2,25.8,0.4,5.8,1.9,0.3,182.8
SALADY,BASE,파스타볼,164,157.7,28.0,0.4,5.2,2.8,0.3,6.3
SALADY,SALADY,탄단지샐러디,225,322.9,34.3,17.6,17.9,13.1,2.0,225.3
SALADY,SALADY,랜치콥샐러디,217,160.9,6.8,2.3,16.7,7.3,2.0,457.5
SALADY,SALADY,로스트닭다리살샐러디,290,259.2,29.7,12.2,13.2,9.6,3.9,471.9
SALADY,SALADY,그라브락스연어샐러디,235,247.3,7.8,5.1,21.0,14.4,2.7,505.0
SALADY,SALADY,노릇두부단호박샐러디,295,214.6,28.1,12.4,6.8,8.4,1.1,214.9
SALADY,SALADY,타코쉬림프샐러디,230,192.1,11.6,2.9,15.7,9.2,3.0,572.6
SALADY,GRAIN BOWL,칠리베이컨포케볼,297,485.2,61.7,4.5,18.7,18.0,5.9,268.1
SALADY,GRAIN BOWL,그라브락스연어포케볼,302,461.3,62.5,4.4,22.0,14.0,3.1,577.1
SALADY,GRAIN BOWL,로스트삼겹포케볼,307,563.4,65.0,4.6,18.7,26.1,7.7,215.3
SALADY,GRAIN BOWL,우삼겹포케볼,307,618.1,68.0,6.2,21.2,29.8,8.6,226.0
SALADY,GRAIN BOWL,노릇노릇두부포케볼,360,506.6,68.9,4.8,15.7,19.3,2.5,207.8
SALADY,GRAIN BOWL,바베큐닭다리살포케볼,347,557.3,72.5,8.2,26.6,17.7,5.9,586.2
SALADY,GRAIN BOWL,바베큐삼겹덮밥,381,832.1,98.9,11.5,26.1,37.0,8.3,877.1
SALADY,GRAIN BOWL,로스트닭다리살마요덮밥,401,830.0,98.3,11.1,27.8,36.3,7.1,998.1
SALADY,NOODLE BOWL,우삼겹메밀면누들볼,259,406.6,36.1,5.0,18.0,21.2,6.1,350.3
SALADY,NOODLE BOWL,그라브락스연어파스타누들볼,279,346.2,33.3,3.6,20.0,14.4,2.1,609.9
SALADY,NOODLE BOWL,고소삼겹들기름파스타누들볼,296,445.3,42.8,2.8,16.0,24.0,5.9,369.0
SALADY,NOODLE BOWL,비빔메밀면누들볼,246,235.6,30.0,2.2,13.4,6.6,1.8,294.3
SALADY,PROTEIN BOX,닭다리살MAX 프로틴박스,449,758.7,96.6,7.7,43.2,22.3,7.4,885.9
SALADY,PROTEIN BOX,우삼겹MAX 프로틴박스,419,900.7,87.6,11.5,39.4,43.7,16.3,565.4
SALADY,PROTEIN BOX,치킨MAX 프로틴파스타,464,707.9,66.2,6.1,55.1,23.7,6.0,697.0
SALADY,PROTEIN BOX,(베이스) 파스타면,200,298.6,53.8,0.0,9.0,5.3,0.7,0.0
SALADY,PROTEIN BOX,(베이스) 곡물밥,195,386.3,73.2,0.0,10.6,5.7,0.9,4.6
SALADY,PROMOTION MENU,[우창윤픽] 포만호르몬에그샐러디,296,391.9,10.0,3.5,23.3,28.0,6.5,669.3
SALADY,PROMOTION MENU,[우창윤픽] 포만호르몬에그,131,250.4,3.6,2.1,13.8,19.3,4.4,320.0
SALADY,PROMOTION MENU,엑스트라버진올리브오일,10,90.0,0.0,0.0,0.0,10.0,1.5,0.0
SALADY,PROMOTION MENU,[고창] 리얼수박주스,240,84.0,19.0,19.0,1.0,0.0,0.0,0.0
SALADY,WRAP,에그마요랩,225,661.6,49.7,5.3,19.4,42.8,9.8,1054.3
SALADY,WRAP,멕시칸랩,234,607.4,52.5,10.9,19.4,35.1,9.9,931.2
SALADY,WRAP,시저치킨랩,229,500.9,46.2,12.4,21.8,25.7,6.3,877.4
SALADY,WRAP,로스트닭다리살랩,294,549.6,46.3,10.3,19.8,31.9,9.2,1206.3
SALADY,WRAP,바질치킨랩,229,523.9,44.7,12.6,24.2,26.8,6.8,932.4
SALADY,WRAP,타코쉬림프랩,289,501.1,59.4,15.5,15.4,22.4,6.0,1123.1
SALADY,WRAP,그라브락스연어랩,244,475.4,40.0,8.9,17.6,27.6,6.1,1014.2
SALADY,WRAP,칠리베이컨곡물랩,305,730.4,75.5,12.9,21.5,37.6,10.9,1067.1
SALADY,WRAP,고소우삼겹곡물랩,305,704.7,79.1,6.5,24.0,32.5,9.3,1089.8
SALADY,WRAP,바베큐닭다리살곡물랩,340,717.3,76.8,13.5,26.1,34.0,9.7,1288.1
SALADY,SANDWICH,클래식치킨샌드위치,214,469.0,60.8,13.3,17.3,17.8,3.4,733.8
SALADY,SANDWICH,비프에그마요샌드위치,275,712.6,64.9,15.1,25.5,38.6,11.2,1047.3
SALADY,SANDWICH,바질연어샌드위치,289,574.4,70.7,16.9,20.6,22.6,4.0,1021.5
SALADY,SANDWICH,잠봉샌드위치,241,491.2,53.9,8.4,19.8,21.6,5.2,1133.9
SALADY,SANDWICH,스파이시쉬림프샌드위치,254,463.7,55.4,8.7,18.4,18.5,4.4,1176.4
SALADY,SANDWICH,불고기반미샌드위치,254,578.7,61.3,14.1,18.7,28.9,8.1,899.0
SALADY,SANDWICH,BELT 시저샌드위치,254,570.3,52.5,6.3,21.6,29.7,8.2,874.4
SALADY,ON BREAD,치즈스크램블온브레드,135,338.1,32.9,5.3,11.2,17.5,4.5,649.3
SALADY,ON BREAD,베이컨스크램블온브레드,155,404.3,33.6,5.7,14.1,23.3,6.6,754.8
SALADY,SIDE,양송이크림스프,200,150.0,12.0,4.0,3.0,10.0,7.0,561.0
SALADY,SIDE,단호박크림스프,200,218.8,21.3,15.0,2.5,13.8,10.0,325.0
SALADY,SIDE,포테이토크림스프,200,210.0,18.0,9.0,7.0,12.0,12.0,600.0
SALADY,SIDE,치킨토마토스튜,200,124.0,12.6,9.6,14.0,1.8,0.4,713.2
SALADY,SIDE,카사바칩,50,244.5,35.5,0.5,1.5,10.5,4.5,71.5
SALADY,DRESSING,오리엔탈,50,160.0,8.0,7.0,1.0,14.0,2.2,280.0
SALADY,DRESSING,(저당) 발사믹,50,110.0,14.0,2.0,0.0,6.0,0.9,250.0
SALADY,DRESSING,(저당) 랜치,50,137.3,9.7,1.4,1.1,11.9,2.6,463.3
SALADY,DRESSING,고추장비빔,30,80.0,17.0,14.0,1.0,1.0,0.5,480.0
SALADY,DRESSING,크리미칠리,50,235.0,14.0,11.0,0.0,20.0,3.2,410.0
SALADY,DRESSING,크리미할라피뇨,50,235.0,7.0,7.0,1.0,23.0,3.6,320.0
SALADY,DRESSING,(저당) 레몬허브,50,4.1,8.4,0.5,0.2,0.1,0.1,360.0
SALADY,DRESSING,(저당) 참깨소이,50,110.0,6.0,0.1,1.0,11.0,1.8,410.0
SALADY,DRESSING,(저당) 스리라차소이,50,58.2,13.6,2.1,0.8,0.0,0.0,562.5
SALADY,DRINK,아메리카노,290,22.5,2.4,0.0,1.8,0.5,0.0,24.3
SALADY,DRINK,그린밀싹,240,120.0,28.0,22.0,1.0,0.0,0.0,39.0
SALADY,DRINK,오렌지당근,240,113.0,27.0,23.0,1.0,0.0,0.0,43.0
SALADY,DRINK,레드클렌즈,240,120.0,29.0,24.0,1.2,0.0,0.0,43.0
SALADY,DRINK,코크제로,355,0.0,0.0,0.0,0.0,0.0,0.0,22.0
SALADY,DRINK,스프라이트제로,355,0.0,0.0,0.0,0.0,0.0,0.0,11.0
SALADY,DRINK,애사비사과스파클링,350,8.0,9.0,0.0,0.0,0.0,0.0,25.0
SALADY,PROTEIN,닭가슴살,50,64.3,2.0,0.0,13.1,0.4,0.4,118.8
SALADY,PROTEIN,그라브락스연어,60,99.1,1.4,0.4,12.8,4.7,0.5,346.6
SALADY,PROTEIN,로스트닭다리살,60,113.8,6.0,1.3,10.5,5.3,2.1,272.5
SALADY,PROTEIN,그라운드비프,40,108.0,0.0,0.0,10.2,7.2,2.9,38.4
SALADY,PROTEIN,우삼겹,50,161.1,3.0,2.5,9.3,12.4,5.1,165.6
SALADY,PROTEIN,베이컨,20,66.3,0.7,0.4,3.0,5.7,2.1,105.6
SALADY,PROTEIN,로스트삼겹,50,187.4,3.2,0.4,9.0,15.4,4.8,116.2
SALADY,PROTEIN,에그,50,72.5,0.7,0.1,6.7,4.3,1.4,64.0
SALADY,PROTEIN,두부,80,100.0,8.0,1.2,4.2,5.7,0.7,12.8
SALADY,PROTEIN,잠봉슬라이스,25,34.4,0.6,0.3,4.7,1.4,0.4,250.0
SALADY,PROTEIN,케이준쉬림프,60,36.9,0.1,0.1,8.3,0.6,0.0,332.5
SALADY,PROTEIN,스크램블에그,50,115.0,5.5,1.0,4.0,8.5,1.4,260.0
SALADY,VEGGIES,올리브,30,31.5,1.8,0.0,0.3,2.9,0.4,264.0
SALADY,VEGGIES,할라피뇨,40,6.7,1.3,0.0,0.0,0.0,0.0,293.2
SALADY,VEGGIES,머쉬룸,60,59.1,3.3,0.4,1.5,5.6,0.9,1.1
SALADY,VEGGIES,옥수수,30,19.5,3.6,2.1,0.6,0.3,0.0,78.0
SALADY,VEGGIES,양파,30,8.7,2.0,1.7,0.3,0.0,0.0,0.9
SALADY,VEGGIES,토마토,40,7.6,1.7,0.9,0.4,0.1,0.0,0.8
SALADY,VEGGIES,당근라페,40,27.7,4.1,3.7,0.5,1.1,0.2,44.1
SALADY,VEGGIES,적채,15,6.2,1.4,0.7,0.3,0.0,0.0,1.1
SALADY,CRISPY,후리가케,3,12.5,1.6,0.1,0.5,0.5,0.1,69.0
SALADY,CRISPY,견과류,15,90.7,4.9,0.5,2.5,6.8,0.6,0.3
SALADY,CRISPY,나쵸칩,15,75.0,9.2,0.0,1.1,3.8,0.3,34.5
SALADY,CRISPY,양파플레이크,10,55.1,5.5,1.1,0.4,3.5,1.7,5.0
SALADY,CRISPY,크랜베리,10,31.4,8.6,7.4,0.0,0.1,0.0,0.2
SALADY,CRISPY,슈레드치즈,20,65.0,0.0,0.0,5.0,4.3,3.0,85.0
SALADY,CRISPY,김자반,3,17.3,1.1,0.4,0.6,1.2,0.1,33.0
SALADY,SAUCE & MOUSSE,에그마요,50,122.5,2.5,0.0,4.5,10.5,2.1,140.0
SALADY,SAUCE & MOUSSE,스윗포테이토,70,126.0,17.5,9.1,1.4,5.6,1.0,98.0
SALADY,SAUCE & MOUSSE,단호박,70,58.6,12.5,7.0,0.7,0.4,0.1,0.1
SALADY,SAUCE & MOUSSE,사워크림,10,23.2,0.5,0.3,0.3,2.2,1.4,4.0
SALADY,SAUCE & MOUSSE,바질페스토,20,119.0,0.5,1.8,2.8,10.7,2.0,171.0
SALADY,SAUCE & MOUSSE,바베큐소스,10,24.6,5.5,2.8,0.3,0.2,0.0,151.2
SALADY,SAUCE & MOUSSE,화이트치즈소스,20,72.0,4.6,3.6,0.4,5.8,1.6,98.0
SALADY & SANDWICH (대상매장),BASE,채소볼,80,10.5,1.4,0.5,0.9,0.2,0.0,7.9
SALADY & SANDWICH (대상매장),BASE,포케볼,172,271.1,50.6,0.4,7.9,4.2,0.7,53.0
SALADY & SANDWICH (대상매장),BASE,메밀면볼,164,144.2,25.8,0.4,5.8,1.9,0.3,182.8
SALADY & SANDWICH (대상매장),BASE,파스타볼,164,157.7,28.0,0.4,5.2,2.8,0.3,6.3
SALADY & SANDWICH (대상매장),SALADY,탄단지샐러디,225,322.9,34.3,17.6,17.9,13.1,2.0,225.3
SALADY & SANDWICH (대상매장),SALADY,랜치콥샐러디,217,160.9,6.8,2.3,16.7,7.3,2.0,457.5
SALADY & SANDWICH (대상매장),SALADY,로스트닭다리살샐러디,290,326.6,34.7,14.4,13.8,14.8,4.8,569.8
SALADY & SANDWICH (대상매장),SALADY,그라브락스연어샐러디,235,247.3,7.8,5.1,21.0,14.4,2.7,505.0
SALADY & SANDWICH (대상매장),SALADY,타코쉬림프샐러디,230,192.1,11.6,2.9,15.7,9.2,3.0,572.6
SALADY & SANDWICH (대상매장),SALADY,프루티가든샐러디,180,215.9,26.0,16.5,4.0,10.8,1.3,141.4
SALADY & SANDWICH (대상매장),DAILY BOWL,칠리베이컨포케볼,297,485.2,61.7,4.5,18.7,18.0,5.9,268.1
SALADY & SANDWICH (대상매장),DAILY BOWL,그라브락스연어포케볼,302,461.3,62.5,4.4,22.0,14.0,3.1,577.1
SALADY & SANDWICH (대상매장),DAILY BOWL,노릇노릇두부포케볼,360,506.6,68.9,4.8,15.7,19.3,2.5,207.8
SALADY & SANDWICH (대상매장),DAILY BOWL,우삼겹포케볼,307,618.1,68.0,6.2,21.2,29.8,8.6,226.0
SALADY & SANDWICH (대상매장),DAILY BOWL,바베큐닭다리살포케볼,347,557.3,72.5,8.2,26.6,17.7,5.9,586.2
SALADY & SANDWICH (대상매장),DAILY BOWL,바베큐삼겹덮밥,381,832.1,98.9,11.5,26.1,37.0,8.3,877.1
SALADY & SANDWICH (대상매장),DAILY BOWL,로스트닭다리살마요덮밥,401,830.0,98.3,11.1,27.8,36.3,7.1,998.1
SALADY & SANDWICH (대상매장),DAILY BOWL,우삼겹메밀면누들볼,259,406.6,36.1,5.0,18.0,21.2,6.1,350.3
SALADY & SANDWICH (대상매장),DAILY BOWL,고소삼겹들기름파스타누들볼,296,445.3,42.8,2.8,16.0,24.0,5.9,369.0
SALADY & SANDWICH (대상매장),PROTEIN BOX,닭다리살MAX 프로틴박스,449,758.7,96.6,7.7,43.2,22.3,7.4,885.9
SALADY & SANDWICH (대상매장),PROTEIN BOX,우삼겹MAX 프로틴박스,419,900.7,87.6,11.5,39.4,43.7,16.3,565.4
SALADY & SANDWICH (대상매장),PROTEIN BOX,치킨MAX 프로틴파스타,464,707.9,66.2,6.1,55.1,23.7,6.0,697.0
SALADY & SANDWICH (대상매장),PROTEIN BOX,(베이스) 파스타면,200,298.6,53.8,0.0,9.0,5.3,0.7,0.0
SALADY & SANDWICH (대상매장),PROTEIN BOX,(베이스) 곡물밥,195,386.3,73.2,0.0,10.6,5.7,0.9,4.6
SALADY & SANDWICH (대상매장),PROMOTION MENU,[우창윤픽] 포만호르몬에그샐러디,296,391.9,10.0,3.5,23.3,28.0,6.5,669.3
SALADY & SANDWICH (대상매장),PROMOTION MENU,[우창윤픽] 포만호르몬에그,131,250.4,3.6,2.1,13.8,19.3,4.4,320.0
SALADY & SANDWICH (대상매장),PROMOTION MENU,엑스트라버진올리브오일,10,90.0,0.0,0.0,0.0,10.0,1.5,0.0
SALADY & SANDWICH (대상매장),PROMOTION MENU,[고창] 리얼수박주스,240,84.0,19.0,19.0,1.0,0.0,0.0,0.0
SALADY & SANDWICH (대상매장),WRAP,에그마요랩,225,661.6,49.7,5.3,19.4,42.8,9.8,1054.3
SALADY & SANDWICH (대상매장),WRAP,멕시칸랩,234,607.4,52.5,10.9,19.4,35.1,9.9,931.2
SALADY & SANDWICH (대상매장),WRAP,시저치킨랩,229,500.9,46.2,12.4,21.8,25.7,6.3,877.4
SALADY & SANDWICH (대상매장),WRAP,로스트닭다리살랩,294,549.6,46.3,10.3,19.8,31.9,9.2,1206.3
SALADY & SANDWICH (대상매장),WRAP,타코쉬림프랩,289,501.1,59.4,15.5,15.4,22.4,6.0,1123.1
SALADY & SANDWICH (대상매장),WRAP,그라브락스연어랩,244,475.4,40.0,8.9,17.6,27.6,6.1,1014.2
SALADY & SANDWICH (대상매장),WRAP,칠리베이컨곡물랩,305,730.4,75.5,12.9,21.5,37.6,10.9,1067.1
SALADY & SANDWICH (대상매장),WRAP,고소우삼겹곡물랩,305,704.7,79.1,6.5,24.0,32.5,9.3,1089.8
SALADY & SANDWICH (대상매장),SANDWICH,멜팅치즈치킨샌드위치,250,699.6,52.7,5.6,37.4,36.9,14.4,1154.9
SALADY & SANDWICH (대상매장),SANDWICH,불고기반미샌드위치,254,578.7,61.3,14.1,18.7,28.9,8.1,899.0
SALADY & SANDWICH (대상매장),SANDWICH,바질레몬연어샌드위치,289,574.4,70.7,16.9,20.6,22.6,4.0,1021.5
SALADY & SANDWICH (대상매장),SANDWICH,멜팅치즈핫쉬림프샌드위치,240,595.0,54.4,8.1,26.4,29.6,11.6,1346.7
SALADY & SANDWICH (대상매장),SANDWICH,클래식치킨샌드위치,214,469.0,60.8,13.3,17.3,17.8,3.4,733.8
SALADY & SANDWICH (대상매장),SANDWICH,하와이안잠봉샌드위치,254,539.4,72.7,23.7,19.0,18.8,5.8,1015.3
SALADY & SANDWICH (대상매장),SANDWICH,비프에그마요샌드위치,275,712.6,64.9,15.1,25.5,38.6,11.2,1047.3
SALADY & SANDWICH (대상매장),SANDWICH,바질카프레제샌드위치,209,496.8,51.8,6.6,18.0,23.4,8.5,817.9
SALADY & SANDWICH (대상매장),SANDWICH,프레시잠봉샌드위치,241,491.2,53.9,8.4,19.8,21.6,5.2,1133.9
SALADY & SANDWICH (대상매장),SANDWICH,더블에그마요샌드위치,290,707.0,60.3,9.3,21.1,42.3,9.0,1187.0
SALADY & SANDWICH (대상매장),SANDWICH,이탈리안피자샌드위치,245,608.6,58.0,9.4,21.9,31.8,9.9,1266.8
SALADY & SANDWICH (대상매장),SANDWICH,BELT 시저샌드위치,254,570.3,52.5,6.3,21.6,29.7,8.2,874.4
SALADY & SANDWICH (대상매장),SANDWICH,스파이시쉬림프샌드위치,254,463.7,55.4,8.7,18.4,18.5,4.4,1176.4
SALADY & SANDWICH (대상매장),ON BREAD,치즈스크램블온브레드,135,338.1,32.9,5.3,11.2,17.5,4.5,649.3
SALADY & SANDWICH (대상매장),ON BREAD,베이컨스크램블온브레드,155,404.3,33.6,5.7,14.1,23.3,6.6,754.8
SALADY & SANDWICH (대상매장),SIDE,양송이크림스프,200,150.0,12.0,4.0,3.0,10.0,7.0,561.0
SALADY & SANDWICH (대상매장),SIDE,단호박크림스프,200,218.8,21.3,15.0,2.5,13.8,10.0,325.0
SALADY & SANDWICH (대상매장),SIDE,포테이토크림스프,200,210.0,18.0,9.0,7.0,12.0,12.0,600.0
SALADY & SANDWICH (대상매장),SIDE,치킨토마토스튜,200,124.0,12.6,9.6,14.0,1.8,0.4,713.2
SALADY & SANDWICH (대상매장),SIDE,카사바칩,50,244.5,35.5,0.5,1.5,10.5,4.5,71.5
SALADY & SANDWICH (대상매장),DRESSING,오리엔탈,50,160.0,8.0,7.0,1.0,14.0,2.2,280.0
SALADY & SANDWICH (대상매장),DRESSING,(저당) 랜치,50,137.3,9.7,1.4,1.1,11.9,2.6,463.3
SALADY & SANDWICH (대상매장),DRESSING,크리미칠리,50,235.0,14.0,11.0,0.0,20.0,3.2,410.0
SALADY & SANDWICH (대상매장),DRESSING,크리미할라피뇨,50,235.0,7.0,7.0,1.0,23.0,3.6,320.0
SALADY & SANDWICH (대상매장),DRESSING,(저당) 레몬허브,50,4.1,8.4,0.5,0.2,0.1,0.1,360.0
SALADY & SANDWICH (대상매장),DRESSING,(저당) 참깨소이,50,110.0,6.0,0.1,1.0,11.0,1.8,410.0
SALADY & SANDWICH (대상매장),DRESSING,(저당) 스리라차소이,50,58.2,13.6,2.1,0.8,0.0,0.0,562.5
SALADY & SANDWICH (대상매장),DRINK,아메리카노,290,22.5,2.4,0.0,1.8,0.5,0.0,24.3
SALADY & SANDWICH (대상매장),DRINK,그린밀싹,240,120.0,28.0,22.0,1.0,0.0,0.0,39.0
SALADY & SANDWICH (대상매장),DRINK,오렌지당근,240,113.0,27.0,23.0,1.0,0.0,0.0,43.0
SALADY & SANDWICH (대상매장),DRINK,레드클렌즈,240,120.0,29.0,24.0,1.2,0.0,0.0,43.0
SALADY & SANDWICH (대상매장),DRINK,코크제로,355,0.0,0.0,0.0,0.0,0.0,0.0,22.0
SALADY & SANDWICH (대상매장),DRINK,스프라이트제로,355,0.0,0.0,0.0,0.0,0.0,0.0,11.0
SALADY & SANDWICH (대상매장),DRINK,애사비사과스파클링,350,8.0,9.0,0.0,0.0,0.0,0.0,25.0
SALADY & SANDWICH (대상매장),PROTEIN,닭가슴살,50,64.3,2.0,0.0,13.1,0.4,0.4,118.8
SALADY & SANDWICH (대상매장),PROTEIN,그라브락스연어,60,99.1,1.4,0.4,12.8,4.7,0.5,346.6
SALADY & SANDWICH (대상매장),PROTEIN,로스트닭다리살,60,113.8,6.0,1.3,10.5,5.3,2.1,272.5
SALADY & SANDWICH (대상매장),PROTEIN,그라운드비프,40,108.0,0.0,0.0,10.2,7.2,2.9,38.4
SALADY & SANDWICH (대상매장),PROTEIN,우삼겹,50,161.1,3.0,2.5,9.3,12.4,5.1,165.6
SALADY & SANDWICH (대상매장),PROTEIN,베이컨,20,66.3,0.7,0.4,3.0,5.7,2.1,105.6
SALADY & SANDWICH (대상매장),PROTEIN,로스트삼겹,50,187.4,3.2,0.4,9.0,15.4,4.8,116.2
SALADY & SANDWICH (대상매장),PROTEIN,에그,50,72.5,0.7,0.1,6.7,4.3,1.4,64.0
SALADY & SANDWICH (대상매장),PROTEIN,잠봉슬라이스,25,34.4,0.6,0.3,4.7,1.4,0.4,250.0
SALADY & SANDWICH (대상매장),PROTEIN,케이준쉬림프,60,36.9,0.1,0.1,8.3,0.6,0.0,332.5
SALADY & SANDWICH (대상매장),PROTEIN,스크램블에그,50,115.0,5.5,1.0,4.0,8.5,1.4,260.0
SALADY & SANDWICH (대상매장),PROTEIN,두부,80,100.0,8.0,1.2,4.2,5.7,0.7,12.8
SALADY & SANDWICH (대상매장),VEGGIES,올리브,30,31.5,1.8,0.0,0.3,2.9,0.4,264.0
SALADY & SANDWICH (대상매장),VEGGIES,할라피뇨,40,6.7,1.3,0.0,0.0,0.0,0.0,293.2
SALADY & SANDWICH (대상매장),VEGGIES,머쉬룸,60,59.1,3.3,0.4,1.5,5.6,0.9,1.1
SALADY & SANDWICH (대상매장),VEGGIES,옥수수,30,19.5,3.6,2.1,0.6,0.3,0.0,78.0
SALADY & SANDWICH (대상매장),VEGGIES,양파,30,8.7,2.0,1.7,0.3,0.0,0.0,0.9
SALADY & SANDWICH (대상매장),VEGGIES,토마토,40,7.6,1.7,0.9,0.4,0.1,0.0,0.8
SALADY & SANDWICH (대상매장),VEGGIES,드라이토마토,30,44.7,4.6,2.9,0.5,2.3,0.5,0.3
SALADY & SANDWICH (대상매장),VEGGIES,당근라페,40,27.7,4.1,3.7,0.5,1.1,0.2,44.1
SALADY & SANDWICH (대상매장),VEGGIES,적채,15,6.2,1.4,0.7,0.3,0.0,0.0,1.1
SALADY & SANDWICH (대상매장),VEGGIES,파인애플,30,22.8,5.7,5.1,0.0,0.0,0.0,0.6
SALADY & SANDWICH (대상매장),CRISPY,후리가케,3,12.5,1.6,0.1,0.5,0.5,0.1,69.0
SALADY & SANDWICH (대상매장),CRISPY,견과류,15,90.7,4.9,0.5,2.5,6.8,0.6,0.3
SALADY & SANDWICH (대상매장),CRISPY,나쵸칩,15,75.0,9.2,0.0,1.1,3.8,0.3,34.5
SALADY & SANDWICH (대상매장),CRISPY,양파플레이크,10,55.1,5.5,1.1,0.4,3.5,1.7,5.0
SALADY & SANDWICH (대상매장),CRISPY,크랜베리,10,31.4,8.6,7.4,0.0,0.1,0.0,0.2
SALADY & SANDWICH (대상매장),CRISPY,슈레드치즈,20,65.0,0.0,0.0,5.0,4.3,3.0,85.0
SALADY & SANDWICH (대상매장),CRISPY,몬테레이치즈,30,111.9,0.2,0.0,7.3,9.1,5.7,186.0
SALADY & SANDWICH (대상매장),CRISPY,김자반,3,17.3,1.1,0.4,0.6,1.2,0.1,33.0
SALADY & SANDWICH (대상매장),SAUCE & MOUSSE,에그마요,50,122.5,2.5,0.0,4.5,10.5,2.1,140.0
SALADY & SANDWICH (대상매장),SAUCE & MOUSSE,스윗포테이토,70,126.0,17.5,9.1,1.4,5.6,1.0,98.0
SALADY & SANDWICH (대상매장),SAUCE & MOUSSE,사워크림,10,23.2,0.5,0.3,0.3,2.2,1.4,4.0
SALADY & SANDWICH (대상매장),SAUCE & MOUSSE,바질페스토,20,119.0,0.5,1.8,2.8,10.7,2.0,171.0
SALADY & SANDWICH (대상매장),SAUCE & MOUSSE,바베큐소스,10,24.6,5.5,2.8,0.3,0.2,0.0,151.2
SALADY & SANDWICH (대상매장),SAUCE & MOUSSE,화이트치즈소스,20,72.0,4.6,3.6,0.4,5.8,1.6,98.0
